word,pos,zh,corpus_count,corpus_share,tracks
abuse,n.,滥用、虐待、恶习,5041,0.907,life+cet4+cet6+postgrad
abuse,v.,滥用、辱骂、虐待,489,0.088,life+cet4+cet6+postgrad
access,n.,通路、入口、接近,10301,0.909,life+cet4+cet6+postgrad
access,v.,访问、存取、接近,921,0.081,life+cet4+cet6+postgrad
account,n.,报告、解释、估价,7718,0.817,life+cet4+postgrad
account,v.,报帐、解释、导致,1612,0.171,life+cet4+postgrad
ache,n.,疼痛,332,0.733,cet4+postgrad
ache,v.,痛、哀怜、渴望,101,0.223,cet4+postgrad
acid,n.,酸、酸类物质、尖刻,1923,0.927,cet4+cet6+postgrad
acid,adj.,酸的、酸性的、尖刻的,133,0.064,cet4+cet6+postgrad
act,n.,行动、行为、幕,9934,0.506,life+cet4+postgrad
act,v.,行动、表演、假装,5718,0.291,life+cet4+postgrad
address,n.,住址、演说、举止,6101,0.622,life+cet4+cet6+postgrad
address,v.,发表(演说或讲话)、对付、写地址,3669,0.374,life+cet4+cet6+postgrad
adjective,adj.,形容词的、从属的,136,0.615,cet4+postgrad
adjective,n.,形容词,55,0.249,cet4+postgrad
adult,n.,成人、成虫,4911,0.963,life+cet4+postgrad
adult,adj.,成年的、成熟的,133,0.026,life+cet4+postgrad
advance,n.,前进、进展、行过的路程,4760,0.903,cet4+cet6+postgrad
advance,v.,前进、进展、提高,431,0.082,cet4+cet6+postgrad
advocate,n.,提倡者、拥护者,503,0.559,cet4+cet6+postgrad
advocate,v.,主张、提倡,209,0.232,cet4+cet6+postgrad
aid,n.,帮助、外援、助手,5939,0.876,life+cet4+cet6+postgrad
aid,v.,援助、帮助、有助于,253,0.037,life+cet4+cet6+postgrad
aim,n.,目标、瞄准、击中目标的能力,4691,0.761,life+cet4+cet6+postgrad
aim,v.,对准目标、致力、打算,1281,0.208,life+cet4+cet6+postgrad
alert,adj.,警觉的、灵敏的、留心的,1082,0.500,cet4+cet6+postgrad
alert,n.,警报,643,0.297,cet4+cet6+postgrad
alert,v.,使警觉、通知、使意识到,299,0.138,cet4+cet6+postgrad
alien,adj.,外国的、相异的,2354,0.748,cet6+postgrad
alien,n.,外国人、外侨,533,0.169,cet6+postgrad
ally,n.,同盟者、同盟国、助手,692,0.603,cet6+postgrad
ally,v.,使联盟、使联合、使有关系,24,0.021,cet6+postgrad
alone,adv.,独自地,21001,0.970,life+cet4+postgrad
alone,adj.,孤独的、单独的、独自的,568,0.026,life+cet4+postgrad
alternative,n.,两者择一、供替代的选择,3428,0.550,cet4+cet6+postgrad
alternative,adj.,两者择一的、供选择的,2610,0.419,cet4+cet6+postgrad
amount,n.,总数、总额,23312,0.987,life+cet4+postgrad
amount,v.,总计、等同,309,0.013,life+cet4+postgrad
answer,n.,答案、回答、回报,61204,0.839,life
answer,v.,回答、反驳、适应,11625,0.159,life
antique,adj.,古老的、古风的、旧式的,1993,0.588,cet6+postgrad
antique,n.,古董、古物,1243,0.367,cet6+postgrad
appeal,n.,恳求、诉请、上诉,4769,0.607,life+cet4+cet6+postgrad
appeal,v.,呼吁、诉请、要求,2582,0.328,life+cet4+cet6+postgrad
approach,n.,接近、入门,8408,0.816,life+cet4+cet6+postgrad
approach,v.,接近、近似、找...商量,1833,0.178,life+cet4+cet6+postgrad
arch,n.,拱门、拱形、足弓,1203,0.797,cet6+postgrad
arch,v.,使成弓形,48,0.032,cet6+postgrad
arm,n.,手臂、袖子、狭长港湾,9888,0.974,life
arm,v.,武装、装备,226,0.022,life
arrest,n.,逮捕、监禁,3128,0.687,cet4+cet6+postgrad
arrest,v.,拘捕、抑制、吸引,1425,0.313,cet4+cet6+postgrad
asleep,adv.,熟睡地,2482,0.580,cet4+postgrad
asleep,adj.,睡着的、长眠的、麻木的,1771,0.414,cet4+postgrad
assistant,n.,助手、助理、助教,3066,0.784,cet4+cet6+postgrad
assistant,adj.,有帮助的、辅助的、助理的,478,0.122,cet4+cet6+postgrad
associate,v.,使联合、使发生联系,903,0.546,life+cet4+cet6+postgrad
associate,n.,同伴、伙伴、关联的事物,205,0.124,life+cet4+cet6+postgrad
attack,n.,攻击、抨击,13033,0.822,life+cet4+cet6+postgrad
attack,v.,攻击、抨击、动手干,2665,0.168,life+cet4+cet6+postgrad
attempt,n.,尝试、企图,6387,0.795,life+cet4+cet6+postgrad
attempt,v.,尝试、企图,1645,0.205,life+cet4+cet6+postgrad
attendant,n.,随从、侍者、出席者,197,0.821,cet6+postgrad
attendant,adj.,侍候的、伴随的、出席的,40,0.167,cet6+postgrad
attribute,v.,把...归于、认为...属于,131,0.630,cet4+cet6+postgrad
attribute,n.,属性、标志、定语,76,0.365,cet4+cet6+postgrad
auction,n.,拍卖,28993,0.969,postgrad
auction,v.,拍卖,471,0.016,postgrad
audit,n.,审计、查帐,451,0.502,postgrad
audit,v.,查(帐)、旁听,27,0.030,postgrad
average,adj.,平均的、中等的、平常的,6751,0.631,life+cet4+postgrad
average,n.,平均、平均数、一般水平,3814,0.356,life+cet4+postgrad
average,v.,算出...平均数、平均做、均分,109,0.010,life+cet4+postgrad
awe,n.,敬畏,714,0.592,postgrad
awe,v.,使敬畏,36,0.030,postgrad
axe,n.,斧、斧头,1186,0.826,postgrad
axe,v.,削减(人员、经费、计划、机构等),92,0.064,postgrad
back,adv.,向后地,295087,0.823,life
back,n.,背部、后面,35737,0.100,life
back,adj.,后面的,11618,0.032,life
back,v.,使后退、支持,3977,0.011,life
baffle,v.,困惑、为难、使挫折,45,0.562,cet6
baffle,n.,迷惑、挡板,23,0.287,cet6
bake,v.,烘焙、烤,1431,0.427,cet4+postgrad
bake,n.,烘焙、烤,1115,0.333,cet4+postgrad
balance,n.,平衡、差额,9028,0.836,life+cet4+postgrad
balance,v.,平衡、相等,1683,0.156,life+cet4+postgrad
ban,n.,禁令,2948,0.732,cet4+cet6+postgrad
ban,v.,禁止、取缔,927,0.230,cet4+cet6+postgrad
bankrupt,adj.,破产的,823,0.920,cet6+postgrad
bankrupt,v.,使破产,71,0.079,cet6+postgrad
bar,n.,条、棒、酒吧,10431,0.930,life+cet4+postgrad
bar,v.,禁止、阻挡、妨碍,115,0.010,life+cet4+postgrad
bargain,n.,交易、买卖协定、特价商品,7087,0.988,cet4+cet6+postgrad
bargain,v.,讲价、交易,83,0.012,cet4+cet6+postgrad
bark,n.,树皮、吠声,1222,0.729,cet4+cet6+postgrad
bark,v.,吠、叫骂,322,0.192,cet4+cet6+postgrad
base,n.,底部、垒、基础,9706,0.924,life+cet4+postgrad
base,v.,以...作基础,370,0.035,life+cet4+postgrad
battle,n.,战役,14197,0.814,life+cet4+cet6+postgrad
battle,v.,战斗,813,0.047,life+cet4+cet6+postgrad
bear,n.,熊,7134,0.470,life
bear,v.,忍受、支承、产生,4531,0.298,life
beat,v.,打、拍打、打败,18787,0.790,life
beat,n.,心跳(声)、打、敲打声,4494,0.189,life
beat,adj.,疲乏的、颓废的,485,0.020,life
bed,n.,床、睡眠处、河床,25860,0.984,life
bed,v.,提供宿处、栽种、安装,317,0.012,life
benefit,n.,利益,10063,0.742,life+cet4+cet6+postgrad
benefit,v.,有益于,3185,0.235,life+cet4+cet6+postgrad
best,adj.,最好的,117141,0.958,life
best,adv.,最好地,5149,0.042,life
bet,v.,打赌,9234,0.722,cet4+postgrad
bet,n.,打赌、赌注,3382,0.264,cet4+postgrad
better,adj.,较好的,79655,0.680,life
better,adv.,比较好,36990,0.316,life
bid,n.,出价,25320,0.909,cet6+postgrad
bid,v.,命令、吩咐、请求,2516,0.090,cet6+postgrad
bite,n.,咬、一口,2808,0.499,cet4+postgrad
bite,v.,咬、刺痛、穿透,2774,0.493,cet4+postgrad
blackmail,v.,勒索,466,0.905,postgrad
blackmail,n.,勒索,40,0.078,postgrad
blame,v.,责备、归咎于,7396,0.803,life+cet4+cet6+postgrad
blame,n.,过失、责备,1777,0.193,life+cet4+cet6+postgrad
blank,adj.,空白的、空虚的、完全的,2102,0.800,cet4+postgrad
blank,n.,空格、空白,369,0.141,cet4+postgrad
blanket,n.,毛毯、毯子,1668,0.984,cet4+postgrad
blanket,v.,掩盖、覆盖,20,0.012,cet4+postgrad
blast,n.,一阵风、爆炸、枯萎病,1928,0.715,cet4+cet6+postgrad
blast,v.,炸、使枯萎,450,0.167,cet4+cet6+postgrad
blaze,n.,火焰、烈火、光辉,607,0.740,cet4+cet6+postgrad
blaze,v.,燃烧、发光,70,0.085,cet4+cet6+postgrad
blink,n.,眨眼、瞬间、闪光,656,0.588,cet6
blink,v.,眨眼、闪亮,400,0.358,cet6
block,n.,街区、木块、石块,5745,0.771,life
block,v.,阻塞、封锁、使成块状,1350,0.181,life
blossom,n.,花、花开的状态、兴旺期,462,0.592,cet4+cet6+postgrad
blossom,v.,开花、兴旺、发展,113,0.145,cet4+cet6+postgrad
blow,v.,吹、风吹、吹响,5175,0.497,life
blow,n.,吹、打击、殴打,4999,0.480,life
blue,adj.,蓝色的、下流的、忧郁的,21594,0.738,life
blue,n.,蓝色,1408,0.048,life
blunder,n.,大错、大失策,183,0.871,cet6+postgrad
blunder,v.,失策、跌跌撞撞地走、犯错,26,0.124,cet6+postgrad
blush,v.,脸红、羞愧,101,0.324,cet6+postgrad
blush,n.,脸红,61,0.196,cet6+postgrad
boast,v.,吹牛、自夸,446,0.747,cet4+cet6+postgrad
boast,n.,吹牛,137,0.229,cet4+cet6+postgrad
bomb,n.,炸弹,5742,0.920,life+cet4+cet6+postgrad
bomb,v.,轰炸、投弹于,392,0.063,life+cet4+cet6+postgrad
book,n.,书、书籍、帐簿,29146,0.893,life
book,v.,登记、预订,1200,0.037,life
boom,n.,繁荣、隆隆声,5983,0.932,postgrad
boom,v.,急速发展、发隆隆声,92,0.014,postgrad
boost,n.,推进、吹捧,2236,0.534,cet4+cet6+postgrad
boost,v.,推进、提高、宣扬,1943,0.464,cet4+cet6+postgrad
bottle,n.,瓶子、酒瓶,8570,0.963,life
bottle,v.,装瓶、抑制、围困,275,0.031,life
bottom,n.,底部,16789,0.744,life+cet4+postgrad
bottom,adj.,底部的,5358,0.238,life+cet4+postgrad
bounce,n.,跳、跳跃、弹力,1954,0.489,cet4+cet6+postgrad
bounce,v.,反跳、弹跳,1809,0.453,cet4+cet6+postgrad
bow,n.,弓、眼睛框,2319,0.695,cet4+cet6+postgrad
bow,v.,用弓拉琴、弯成弓形,730,0.219,cet4+cet6+postgrad
bowl,n.,碗、木球、大酒杯,9095,0.920,life+cet4+postgrad
bowl,v.,滚木球、快而稳地行驶,345,0.035,life+cet4+postgrad
brake,n.,刹车、阻碍、丛林,954,0.686,cet4+postgrad
brake,v.,刹车,200,0.144,cet4+postgrad
branch,n.,树枝、支店、支流,2243,0.886,life+cet4+postgrad
branch,v.,分支、出枝,66,0.026,life+cet4+postgrad
breach,n.,裂口、违背、破坏,1317,0.865,postgrad
breach,v.,攻破、突破,194,0.127,postgrad
break,v.,打破、弄破、弄坏,17033,0.499,life
break,n.,休息、中断、破裂处,16721,0.490,life
breed,n.,种类、品种,2305,0.627,cet4+cet6+postgrad
breed,v.,养育、引起、饲养,1342,0.365,cet4+cet6+postgrad
bribe,n.,贿赂,206,0.532,cet6+postgrad
bribe,v.,贿赂、收买,181,0.468,cet6+postgrad
bridge,n.,桥、舰桥、桥梁,6593,0.642,life
bridge,v.,架桥于、跨越,247,0.024,life
brief,adj.,简短的、短暂的,1934,0.530,cet4+postgrad
brief,n.,摘要、简报,1521,0.417,cet4+postgrad
brief,v.,对...作简报、摘要、节录,190,0.052,cet4+postgrad
broadcast,n.,广播、传播,1291,0.529,cet4+postgrad
broadcast,v.,广播,1079,0.442,cet4+postgrad
browse,n.,浏览、吃草,176,0.519,cet6+postgrad
browse,v.,浏览、吃草,149,0.440,cet6+postgrad
bruise,n.,青肿、挫伤、擦伤,288,0.716,cet4+cet6+postgrad
bruise,v.,受伤、擦伤,93,0.231,cet4+cet6+postgrad
bully,n.,欺凌弱小者、土霸,984,0.928,postgrad
bully,adv.,十分,21,0.020,postgrad
bump,n.,撞击、肿块,1028,0.559,cet6+postgrad
bump,v.,碰撞,777,0.423,cet6+postgrad
bundle,n.,捆、束,471,0.852,cet4+cet6+postgrad
bundle,v.,包扎、胡乱塞进,57,0.103,cet4+cet6+postgrad
burst,v.,爆裂、突发、充满,1555,0.506,cet4+cet6+postgrad
burst,n.,破裂、突发、爆发,1494,0.486,cet4+cet6+postgrad
buy,v.,买、获得,42357,0.902,life
buy,n.,购买、买得的东西,4430,0.094,life
buzz,n.,嗡嗡声、流言,2569,0.627,cet6
buzz,v.,发出嗡嗡声、说闲话,1005,0.245,cet6
bypass,n.,旁路,446,0.737,cet6+postgrad
bypass,v.,省略、绕过、忽视,142,0.235,cet6+postgrad
cabin,n.,小屋、客舱,1420,0.891,cet4+cet6+postgrad
cabin,v.,关在小屋,24,0.015,cet4+cet6+postgrad
call,v.,呼叫、召集、打电话,48211,0.696,life
call,n.,呼叫、访问、打电话,20758,0.300,life
calm,adj.,平静的、冷静的,5704,0.533,cet4+cet6+postgrad
calm,v.,平静下来、镇静,4667,0.436,cet4+cet6+postgrad
cap,n.,盖子、帽子,4597,0.867,cet4+cet6+postgrad
cap,v.,戴帽子、覆盖、胜过,332,0.063,cet4+cet6+postgrad
capital,n.,首都、大写字母、资本,11274,0.949,life+cet4+cet6+postgrad
capital,adj.,首都的、重要的,184,0.015,life+cet4+cet6+postgrad
captain,n.,船长、指挥官、海军上校,8414,0.591,cet4+cet6+postgrad
captain,v.,率领、指挥,192,0.013,cet4+cet6+postgrad
capture,v.,抓取、获得、迷住,2328,0.745,life+cet4+cet6+postgrad
capture,n.,抓取、战利品、捕获之物,758,0.242,life+cet4+cet6+postgrad
care,n.,小心、照料、忧虑,26068,0.591,life
care,v.,关心、介意,16249,0.368,life
caress,v.,爱抚、抱、宠爱,42,0.483,postgrad
caress,n.,爱抚、拥抱,32,0.368,postgrad
cart,n.,二轮运货马车,1071,0.894,cet4+cet6+postgrad
cart,v.,驾运货马车,109,0.091,cet4+cet6+postgrad
cash,n.,现金,16764,0.933,life+cet4+postgrad
cash,v.,兑现,359,0.020,life+cet4+postgrad
cast,v.,投、掷、抛,4537,0.594,cet4+cet6+postgrad
cast,n.,演员阵容、投掷、铸件,3099,0.406,cet4+cet6+postgrad
catch,v.,捕捉、赶上、感染,18941,0.849,life
catch,n.,捕捉、陷阱、捕捉之物,3236,0.145,life
cause,n.,原因、目标,6966,0.511,life+cet4+cet6+postgrad
cause,v.,引起、使产生、使遭受,6584,0.483,life+cet4+cet6+postgrad
caution,n.,小心、慎重、警示,1189,0.917,cet6+postgrad
caution,v.,警告,107,0.083,cet6+postgrad
cave,n.,洞、穴,2488,0.792,cet4+cet6+postgrad
cave,v.,凹陷、塌落,124,0.039,cet4+cet6+postgrad
cement,n.,水泥、胶结剂,682,0.770,cet4+cet6+postgrad
cement,v.,胶合、用水泥涂,188,0.212,cet4+cet6+postgrad
centre,n.,中心、中心点、中锋,24177,0.781,cet4+cet6+postgrad
centre,adj.,中央的、位在正中的,1465,0.047,cet4+cet6+postgrad
centre,v.,集中、定中心,761,0.025,cet4+cet6+postgrad
challenge,n.,挑战、盘问,26282,0.838,life+cet4+cet6+postgrad
challenge,v.,向...挑战、要求、怀疑,2560,0.082,life+cet4+cet6+postgrad
champion,n.,冠军、拥护者、战士,10941,0.844,cet4+cet6+postgrad
champion,v.,保卫、拥护,310,0.024,cet4+cet6+postgrad
champion,adj.,优胜的,288,0.022,cet4+cet6+postgrad
change,v.,改变、更换、兑换,33735,0.547,life
change,n.,变化、找回的零钱、找头,26629,0.432,life
characteristic,adj.,特性的、特有的、有特色的,445,0.666,cet4+cet6+postgrad
characteristic,n.,特性、特征、特色,222,0.332,cet4+cet6+postgrad
charge,n.,指控、费用、冲锋,13826,0.786,life+cet4+cet6+postgrad
charge,v.,控诉、加罪于、使充满,3579,0.203,life+cet4+cet6+postgrad
chart,n.,图表、海图,1727,0.878,cet4+cet6+postgrad
chart,v.,制成图表,185,0.094,cet4+cet6+postgrad
chase,v.,追捕、追逐、雕刻,1811,0.444,cet4+cet6+postgrad
chase,n.,追求、狩猎、追逐,1430,0.351,cet4+cet6+postgrad
cheap,adj.,便宜的、不值钱的、可鄙的,8782,0.978,life
cheap,adv.,便宜地,142,0.016,life
cheat,v.,欺骗、逃脱、骗取,1446,0.965,cet4+cet6+postgrad
cheat,n.,欺骗、作弊、骗子,42,0.028,cet4+cet6+postgrad
check,v.,检查、阻止、核对,19779,0.787,life
check,n.,检查、支票、阻止物,5367,0.213,life
cheer,v.,欢呼、喝彩、快活起来,2415,0.546,cet4+cet6+postgrad
cheer,n.,愉快、振奋、欢呼,1844,0.417,cet4+cet6+postgrad
chemical,n.,化学药品,2276,0.870,cet4+cet6+postgrad
chemical,adj.,化学的、化学上用的,162,0.062,cet4+cet6+postgrad
chocolate,n.,巧克力,10578,0.897,cet4+postgrad
chocolate,adj.,巧克力制的,782,0.066,cet4+postgrad
chronic,adj.,慢性的、习惯性的,576,0.836,cet6+postgrad
chronic,n.,慢性病患者,100,0.145,cet6+postgrad
claim,v.,要求、认领、主张,4992,0.521,life+cet4+cet6+postgrad
claim,n.,要求、要求权、断言,4559,0.476,life+cet4+cet6+postgrad
clamp,v.,夹紧、强加,319,0.581,cet6
clamp,n.,夹钳,230,0.419,cet6
clap,v.,鼓掌、(使)啪地关上,727,0.438,cet4+cet6+postgrad
clap,n.,拍手、拍手声、霹雳声,585,0.353,cet4+cet6+postgrad
clash,n.,冲突、撞击声、抵触,1381,0.824,cet6+postgrad
clash,v.,冲突、抵触,249,0.149,cet6+postgrad
clasp,n.,扣子、钩、紧握,126,0.773,cet4+cet6+postgrad
clasp,v.,扣紧、紧握,26,0.160,cet4+cet6+postgrad
classic,adj.,第一流的、最优秀的、古典的,8965,0.905,cet4+cet6+postgrad
classic,n.,古典作品、杰作、大艺术家,768,0.078,cet4+cet6+postgrad
clatter,n.,咔嗒声、哗啦声、嘈杂的谈笑声,185,0.456,cet6
clatter,v.,发出哗啦声、喧闹的谈笑,135,0.333,cet6
clean,adj.,干净的、清白的、简洁的,13856,0.742,life
clean,v.,清理、使干净、出空,4722,0.253,life
clear,adj.,清楚的、明确的、澄清的,41799,0.891,life
clear,v.,澄清、清除障碍,4692,0.100,life
click,n.,咔哒声、啪嗒声,904,0.389,postgrad
click,v.,作咔哒声,852,0.366,postgrad
climax,n.,高潮、极点、层进法,701,0.935,cet6+postgrad
climax,v.,(使)达到顶点、(使)达到高潮,35,0.047,cet6+postgrad
climb,v.,攀登、上升、爬,3588,0.628,life+cet4+cet6+postgrad
climb,n.,攀登、爬升,1905,0.333,life+cet4+cet6+postgrad
clip,n.,修剪、夹子、回形针,3045,0.837,cet6+postgrad
clip,v.,修剪、痛打、夹牢,431,0.118,cet6+postgrad
close,adv.,接近地、紧密地,21702,0.400,life
close,adj.,靠近的、亲近的、亲密的,19981,0.368,life
close,v.,关、结束、使靠近,7673,0.141,life
close,n.,结束、完结,4509,0.083,life
cloud,n.,云、阴暗、烟雾,11186,0.953,life
cloud,v.,以云遮敝、笼罩、使黯然,327,0.028,life
clutch,n.,抓紧、掌握、离合器,569,0.822,cet6+postgrad
clutch,v.,抓住、踩汽车离合器踏板,73,0.105,cet6+postgrad
coach,n.,四轮大马车、教练,6140,0.934,life+cet4+cet6+postgrad
coach,v.,训练、指导,435,0.066,life+cet4+cet6+postgrad
cock,n.,公鸡、雄禽、龙头,1270,0.664,cet4+cet6+postgrad
cock,v.,使耸立、使竖起、堆成锥形小干草堆,377,0.197,cet4+cet6+postgrad
cold,adj.,寒冷的、冷淡的、冷静的,22156,0.857,life+cet4+postgrad
cold,n.,感冒、寒冷,1711,0.066,life+cet4+postgrad
collapse,n.,崩溃、倒塌、虚脱,2621,0.821,cet4+cet6+postgrad
collapse,v.,倒塌、崩溃、瓦解,559,0.175,cet4+cet6+postgrad
comb,n.,头梳、鸡冠,560,0.715,cet4+cet6+postgrad
comb,v.,梳头发、梳毛,155,0.198,cet4+cet6+postgrad
combat,n.,争斗、战斗,1507,0.705,cet6+postgrad
combat,v.,战斗、争斗,555,0.260,cet6+postgrad
comic,adj.,滑稽的、有趣的、喜剧的,2304,0.760,postgrad
comic,n.,连环漫画、喜剧演员、滑稽的人,131,0.043,postgrad
command,n.,命令、指挥、控制,2529,0.701,cet4+cet6+postgrad
command,v.,命令、指挥、控制,674,0.187,cet4+cet6+postgrad
comment,n.,注解、批评、评论,2864,0.617,life+cet4+cet6+postgrad
comment,v.,评论、注解,1777,0.383,life+cet4+cet6+postgrad
commercial,adj.,商业的、商用的、商品化的,5161,0.939,life+cet4+cet6+postgrad
commercial,n.,商业广告节目,294,0.054,life+cet4+cet6+postgrad
commonplace,adj.,平凡的、普通的,212,0.654,cet6+postgrad
commonplace,n.,寻常事、老生常谈、普通的东西,110,0.340,cet6+postgrad
compass,n.,指南针、范围、音域,938,0.877,cet4+cet6+postgrad
compass,v.,包围、达到、图谋,59,0.055,cet4+cet6+postgrad
complete,adj.,完全的、十足的、完成的,14106,0.784,life+cet4+cet6+postgrad
complete,v.,完成、完工、使圆满,3884,0.216,life+cet4+cet6+postgrad
complex,adj.,复杂的、组合的,4651,0.833,life+cet4+cet6+postgrad
complex,n.,综合体、情结、络合物,931,0.167,life+cet4+cet6+postgrad
compliment,n.,称赞、恭维、敬意,886,0.882,cet6+postgrad
compliment,v.,称赞、褒扬、恭维,117,0.117,cet6+postgrad
composite,adj.,合成的、混合成的、菊科的,126,0.704,cet6+postgrad
composite,n.,合成物、复合材料、菊科,47,0.263,cet6+postgrad
compound,n.,混合物、复合词、化合物,1170,0.941,cet4+cet6+postgrad
compound,v.,化合、和解、妥协,65,0.052,cet4+cet6+postgrad
compromise,n.,妥协、折中、折中方案,2002,0.652,cet4+cet6+postgrad
compromise,v.,妥协处理,1060,0.345,cet4+cet6+postgrad
concentrate,v.,集中、专心,4082,0.885,cet4+cet6+postgrad
concentrate,n.,浓缩、精选,528,0.114,cet4+cet6+postgrad
concern,n.,关心、忧虑,9980,0.988,life+cet4+cet6+postgrad
concern,v.,与...有关、使担心、使挂念,121,0.012,life+cet4+cet6+postgrad
concrete,adj.,具体的、实在的、混凝土的,2077,0.623,cet4+cet6+postgrad
concrete,n.,凝结物、混凝土,1188,0.357,cet4+cet6+postgrad
conduct,v.,为人、指挥、管理,1236,0.514,life+cet4+cet6+postgrad
conduct,n.,行为、举动、指导,1093,0.454,life+cet4+cet6+postgrad
conflict,n.,战斗、冲突、矛盾,4580,0.983,life+cet4+cet6+postgrad
conflict,v.,争执、战斗、冲突,57,0.012,life+cet4+cet6+postgrad
consent,n.,同意、许可,1381,0.939,cet4+cet6+postgrad
consent,v.,同意、赞同,65,0.044,cet4+cet6+postgrad
console,n.,控制台,357,0.412,cet6+postgrad
console,v.,安慰、藉慰,291,0.336,cet6+postgrad
constituent,n.,成分、选民、构成物,451,0.807,cet6+postgrad
constituent,adj.,构成的、组织的、选举的,107,0.191,cet6+postgrad
contact,n.,联系、交际、熟人,8215,0.777,life+cet4+cet6+postgrad
contact,v.,接触、联系,2351,0.222,life+cet4+cet6+postgrad
content,n.,内容、满足、意义,2261,0.675,life+cet4+cet6+postgrad
content,adj.,满足的、满意的,1077,0.321,life+cet4+cet6+postgrad
contest,n.,竞赛、争论,4104,0.916,cet4+cet6+postgrad
contest,v.,竞争、争取、争辩,259,0.058,cet4+cet6+postgrad
contract,n.,合约、婚约、契约,6204,0.979,life+cet4+cet6+postgrad
contract,v.,使皱缩、使缩短、感染,91,0.014,life+cet4+cet6+postgrad
contradictory,adj.,反驳的、反对的、抗辩的,203,0.809,cet6
contradictory,n.,矛盾因素、对立物,48,0.191,cet6
contrary,adj.,相反的、矛盾的、对立的,599,0.545,cet4+cet6+postgrad
contrary,n.,相反、对立面,500,0.455,cet4+cet6+postgrad
contrast,n.,差别、对比、对照物,2571,0.948,life+cet4+cet6+postgrad
contrast,v.,使对比,141,0.052,life+cet4+cet6+postgrad
control,n.,控制、管理、克制,21352,0.768,life+cet4+postgrad
control,v.,控制、操纵、抑制,5626,0.202,life+cet4+postgrad
converse,v.,交谈、谈话,66,0.564,cet6
converse,n.,相反的事物、倒、逆向,29,0.248,cet6
cook,v.,烹调、煮饭、加热,14750,0.679,life
cook,n.,厨子、厨师,3696,0.170,life
cool,adj.,凉爽的、冷淡的、冷静的,17095,0.727,life
cool,v.,冷却、平息,2142,0.091,life
cool,n.,凉爽、凉爽的空气,1305,0.056,life
copy,n.,副本、摹仿、一册,3336,0.692,life
copy,v.,复印、抄袭、复制,1488,0.308,life
cordial,adj.,热忱的、诚恳的、有兴奋作用的,175,0.754,cet4+cet6+postgrad
cordial,n.,兴奋剂、补品,50,0.216,cet4+cet6+postgrad
correct,adj.,正确的、合适的,45298,0.967,life+cet4+postgrad
correct,v.,改正、订正,1339,0.029,life+cet4+postgrad
cost,n.,代价、价值、费用,17903,0.597,life
cost,v.,花费,12080,0.403,life
cosy,adj.,温暖舒适的,2258,0.707,postgrad
cosy,n.,保暖套,651,0.204,postgrad
cough,n.,咳嗽,570,0.598,cet4+postgrad
cough,v.,咳嗽,358,0.376,cet4+postgrad
count,v.,计算、视为,5746,0.555,life+cet4+cet6+postgrad
count,n.,计算、合计、计数,3749,0.362,life+cet4+cet6+postgrad
counter,n.,计算器、计算者、柜台,2248,0.571,cet4+cet6+postgrad
counter,adv.,反方向地、相反地,550,0.140,cet4+cet6+postgrad
counter,adj.,反方向的、相反的,412,0.105,cet4+cet6+postgrad
cover,v.,覆盖、掩饰、保护,7763,0.528,life
cover,n.,盖子、封面、藉口,6322,0.430,life
crack,n.,裂缝、爆裂声,3864,0.563,cet4+cet6+postgrad
crack,v.,(使)爆裂、(使)裂开、(使)发出爆裂声,2929,0.427,cet4+cet6+postgrad
craft,n.,技艺、手艺、诡计,2151,0.931,cet4+cet6+postgrad
craft,v.,精心制作,62,0.027,cet4+cet6+postgrad
crash,n.,哗啦声、猛撞、崩溃,5224,0.752,cet4+cet6+postgrad
crash,v.,撞碎、破碎、(使)...坠毁,640,0.092,cet4+cet6+postgrad
crash,adj.,速成的,109,0.016,cet4+cet6+postgrad
crawl,v.,爬行,629,0.588,cet4+cet6+postgrad
crawl,n.,爬行、匍匐而行、养鱼池,410,0.383,cet4+cet6+postgrad
creep,v.,爬、蔓延、潜行,605,0.577,cet4+cet6+postgrad
creep,n.,爬、徐行、蠕动,339,0.323,cet4+cet6+postgrad
criminal,adj.,犯了罪的、刑事的、有罪的,6100,0.851,life+cet4+cet6+postgrad
criminal,n.,罪犯、犯人、刑事,435,0.061,life+cet4+cet6+postgrad
cripple,n.,跛者、残废,79,0.454,cet4+cet6+postgrad
cripple,v.,使跛、使成残废、削弱,71,0.408,cet4+cet6+postgrad
crop,n.,农作物、产量、平头,2377,0.941,cet4+cet6+postgrad
crop,v.,收割、修剪、种植,135,0.053,cet4+cet6+postgrad
cross,n.,十字架、十字架形物件、交叉,6841,0.392,life+cet4+cet6+postgrad
cross,v.,交叉、横过、越过,5797,0.332,life+cet4+cet6+postgrad
cross,adj.,生气的、交叉的、相反的,1391,0.080,life+cet4+cet6+postgrad
crowd,n.,群众、一伙人,11393,0.974,life+cet4+cet6+postgrad
crowd,v.,拥挤、挤满、挤进,152,0.013,life+cet4+cet6+postgrad
crude,adj.,天然的、未成熟的、粗糙的,627,0.684,cet4+cet6+postgrad
crude,n.,天然的物质,276,0.301,cet4+cet6+postgrad
cruise,n.,巡航、巡弋、漫游,1659,0.667,cet6+postgrad
cruise,v.,巡航、巡弋、漫游,158,0.064,cet6+postgrad
crush,v.,压破、征服、塞,972,0.580,cet4+cet6+postgrad
crush,n.,压碎、粉碎、群众,628,0.374,cet4+cet6+postgrad
cry,v.,哭、叫、喊,5000,0.677,life
cry,n.,叫声、哭声、大叫,2178,0.295,life
curb,v.,抑制、束缚、勒住,262,0.714,cet6+postgrad
curb,n.,抑制、勒马绳、边石,89,0.243,cet6+postgrad
cure,n.,治疗、治愈、治疗法,1713,0.618,cet4+cet6+postgrad
cure,v.,治疗、治愈、改正,1024,0.370,cet4+cet6+postgrad
current,adj.,流通的、现在的、当前的,12931,0.984,life+cet4+cet6+postgrad
current,n.,涌流、趋势、流,193,0.015,life+cet4+cet6+postgrad
curtain,n.,帐、幕、窗帘,1179,0.823,cet4+cet6+postgrad
curtain,v.,装帘子于、遮蔽,50,0.035,cet4+cet6+postgrad
cushion,n.,垫子、橡皮软垫,3449,0.968,cet4+cet6+postgrad
cushion,v.,加垫褥、缓冲、掩盖,84,0.024,cet4+cet6+postgrad
cut,v.,切、割、减少,32899,0.728,life
cut,n.,切口、割伤、降低,9932,0.220,life
daily,adj.,每日的、日常的,4297,0.503,life+cet4+postgrad
daily,adv.,每日地、日常地,503,0.059,life+cet4+postgrad
damage,n.,损害、伤害,11838,0.905,life+cet4+cet6+postgrad
damage,v.,损害,1245,0.095,life+cet4+cet6+postgrad
damp,adj.,潮湿的,3730,0.851,cet4+cet6+postgrad
damp,v.,使潮湿、使阻尼、抑止,591,0.135,cet4+cet6+postgrad
dance,n.,跳舞、舞蹈、舞会,16963,0.634,life
dance,v.,跳舞,7060,0.264,life
dark,adj.,黑暗的、暗的、深色的,15247,0.877,life
dark,n.,黑暗、夜、黄昏,2140,0.123,life
dash,n.,冲撞、破折号、短跑,1283,0.655,cet4+cet6+postgrad
dash,v.,猛冲、冲撞,386,0.197,cet4+cet6+postgrad
date,n.,日期、约会、枣椰树,16000,0.916,life
date,v.,约会、定日期,1275,0.073,life
dazzle,v.,(使)眼花、炫耀,188,0.516,cet6+postgrad
dazzle,n.,耀眼,98,0.269,cet6+postgrad
deadly,adj.,致命的、致死的,3833,0.630,cet4+postgrad
deadly,adv.,非常、如死一般地,389,0.064,cet4+postgrad
deal,n.,交易、协定、数量,26868,0.612,life+cet4+cet6+postgrad
deal,v.,处理、应付、做生意,15465,0.352,life+cet4+cet6+postgrad
debate,n.,辩论、讨论,15616,0.922,life+cet4+cet6+postgrad
debate,v.,争论、辩论,1318,0.078,life+cet4+cet6+postgrad
decimal,adj.,十进位的、小数的,198,0.783,cet6+postgrad
decimal,n.,十进制、小数,39,0.154,cet6+postgrad
decline,n.,衰退、跌落、下降,2436,0.885,life+cet4+cet6+postgrad
decline,v.,使降低、婉谢,301,0.109,life+cet4+cet6+postgrad
decrease,n.,减少、减少量,248,0.573,cet4+cet6+postgrad
decrease,v.,减少,185,0.427,cet4+cet6+postgrad
deed,n.,行为、实行、契约,540,0.808,cet4+cet6+postgrad
deed,v.,立契转让,100,0.150,cet4+cet6+postgrad
deep,adj.,深的,15809,0.830,life
deep,adv.,深入地,2581,0.136,life
default,n.,违约、不履行责任、缺席,1116,0.837,cet6
default,v.,疏怠职责、缺席、拖欠,192,0.144,cet6
defeat,n.,败北、失败,4015,0.664,cet4+cet6+postgrad
defeat,v.,击败、使落空,2028,0.335,cet4+cet6+postgrad
delay,n.,耽搁、迟滞,1781,0.682,cet4+cet6+postgrad
delay,v.,耽搁、延迟,823,0.315,cet4+cet6+postgrad
delegate,v.,委派...为代表,119,0.610,cet4+cet6+postgrad
delegate,n.,代表,72,0.369,cet4+cet6+postgrad
deliberate,adj.,深思熟虑的、故意的、从容的,891,0.880,cet4+cet6+postgrad
deliberate,v.,仔细考虑,121,0.119,cet4+cet6+postgrad
delight,n.,高兴、愉快,1846,0.841,cet4+cet6+postgrad
delight,v.,使高兴、乐于,213,0.097,cet4+cet6+postgrad
demand,n.,要求、需求、需要,6075,0.822,life+cet4+cet6+postgrad
demand,v.,要求、查询,1311,0.177,life+cet4+cet6+postgrad
deposit,n.,存款、定金、堆积物,1493,0.937,cet4+cet6+postgrad
deposit,v.,存放、堆积,79,0.050,cet4+cet6+postgrad
desert,n.,沙漠、应得的赏罚、功劳,3255,0.801,cet4+cet6+postgrad
desert,v.,放弃、遗弃、擅离,148,0.036,cet4+cet6+postgrad
design,n.,设计、图样、方案,10256,0.877,life+cet4+cet6+postgrad
design,v.,设计、计划,1306,0.112,life+cet4+cet6+postgrad
designate,v.,指定、指明、称呼,80,0.784,cet6+postgrad
designate,adj.,已选出而未上任的,21,0.206,cet6+postgrad
desire,n.,欲望、要求,3297,0.932,life+cet4+cet6+postgrad
desire,v.,想要、请求,211,0.060,life+cet4+cet6+postgrad
despatch,n.,派遣,106,0.671,cet6+postgrad
despatch,v.,派遣,20,0.127,cet6+postgrad
devil,n.,魔鬼,2359,0.666,cet4+cet6+postgrad
devil,v.,折磨、戏弄,66,0.019,cet4+cet6+postgrad
dial,n.,刻度盘、钟面、转盘,799,0.635,cet4+cet6+postgrad
dial,v.,拨,309,0.245,cet4+cet6+postgrad
die,v.,死亡、消逝、平息,15005,0.938,life
die,n.,骰子、冲模,985,0.062,life
dim,v.,使暗淡,102,0.162,cet4+cet6+postgrad
dim,adj.,暗淡的、模糊的,49,0.078,cet4+cet6+postgrad
dip,n.,浸、涉猎,2330,0.693,cet4+cet6+postgrad
dip,v.,浸、降下、把(手、勺等)伸入,983,0.292,cet4+cet6+postgrad
direct,adj.,直接的、坦白的,5480,0.815,life+cet4+cet6+postgrad
direct,v.,指示、指挥、命令,775,0.115,life+cet4+cet6+postgrad
discount,n.,折扣、贴现率,1381,0.822,cet4+cet6+postgrad
discount,v.,打折扣,262,0.156,cet4+cet6+postgrad
dislike,v.,讨厌、不喜欢,451,0.681,cet4+cet6+postgrad
dislike,n.,嫌恶,210,0.317,cet4+cet6+postgrad
display,n.,显示、陈列、炫耀,4849,0.840,cet4+cet6+postgrad
display,v.,陈列、显示、表现,899,0.156,cet4+cet6+postgrad
dispute,n.,争论,1973,0.863,cet4+cet6+postgrad
dispute,v.,争论,308,0.135,cet4+cet6+postgrad
disregard,n.,忽视、漠视,176,0.618,cet6+postgrad
disregard,v.,忽视、不顾,107,0.375,cet6+postgrad
divide,v.,分开、分配、分裂,1276,0.563,life+cet4+postgrad
divide,n.,分配、分水岭,990,0.437,life+cet4+postgrad
divine,adj.,神的、神圣的、非凡的,732,0.440,cet6+postgrad
divine,n.,神学家,581,0.349,cet6+postgrad
document,n.,文件、公文、文档,2906,0.948,life+cet4+cet6+postgrad
document,v.,证明、为...引证,146,0.048,life+cet4+cet6+postgrad
doubt,n.,怀疑、疑惑,12871,0.819,life+cet4+cet6+postgrad
doubt,v.,怀疑、不信,2814,0.179,life+cet4+cet6+postgrad
doze,v.,打瞌睡、假寐,34,0.531,postgrad
doze,n.,瞌睡,29,0.453,postgrad
draft,n.,气流、草稿、汇票,1380,0.931,cet4+cet6+postgrad
draft,v.,起草、征兵,99,0.067,cet4+cet6+postgrad
drag,v.,拖累、拖拉、沉重缓慢地走,1846,0.638,cet4+cet6+postgrad
drag,n.,拖、拖累,1033,0.357,cet4+cet6+postgrad
drain,n.,排水沟、消耗、排水,1516,0.679,cet4+cet6+postgrad
drain,v.,排出、喝光、耗尽,710,0.318,cet4+cet6+postgrad
draw,v.,拉、拖、拔剑,9429,0.634,life
draw,n.,拉、拖、拔出,4932,0.332,life
dream,n.,梦、空想、愿望,16658,0.835,life+cet4+cet6+postgrad
dream,v.,做梦、想象、梦想,3291,0.165,life+cet4+cet6+postgrad
dress,n.,服装、覆盖物,11283,0.796,life
dress,v.,穿着,2613,0.184,life
drift,v.,(使)漂流,668,0.511,cet4+cet6+postgrad
drift,n.,漂流物、漂流、动向,584,0.447,cet4+cet6+postgrad
drill,n.,钻孔机、钻子、播种机,1227,0.670,cet4+cet6+postgrad
drill,v.,训练、钻孔,556,0.303,cet4+cet6+postgrad
drink,n.,饮料、酒,14977,0.646,life
drink,v.,喝、喝酒,8220,0.354,life
drip,n.,水滴,570,0.720,cet4+cet6+postgrad
drip,v.,(使)滴下,134,0.169,cet4+cet6+postgrad
drive,v.,开车、驱使、推动,10805,0.542,life
drive,n.,驾车、快车道、推进力,8143,0.408,life
drop,v.,放下、掉下、下降,8600,0.543,life+cet4+cet6+postgrad
drop,n.,滴、微量、落下,6995,0.441,life+cet4+cet6+postgrad
drum,v.,击鼓、作鼓声,3281,0.757,cet4+cet6+postgrad
drum,n.,鼓、鼓声,351,0.081,cet4+cet6+postgrad
dry,adj.,干的、无酒的、枯燥无味的,16762,0.904,life
dry,v.,把...弄干,1158,0.062,life
duck,n.,鸭子,6489,0.952,cet4+cet6+postgrad
duck,v.,没入水中、闪避,326,0.048,cet4+cet6+postgrad
dump,v.,倾倒、倾销,1147,0.564,cet4+cet6+postgrad
dump,n.,垃圾场,860,0.423,cet4+cet6+postgrad
dwarf,n.,矮子、侏儒,624,0.806,cet6+postgrad
dwarf,v.,(使)变矮小,53,0.068,cet6+postgrad
dye,n.,颜料、染料,409,0.665,cet4+cet6+postgrad
dye,v.,染、染色,170,0.276,cet4+cet6+postgrad
dynamic,adj.,动态的、有活力的、有力的,1366,0.809,cet4+cet6+postgrad
dynamic,n.,动力、动态,271,0.161,cet4+cet6+postgrad
early,adj.,早的、早熟的,28649,0.675,life
early,adv.,很早、初,13707,0.323,life
earnest,n.,定金、诚挚、认真,202,0.537,cet4+cet6+postgrad
earnest,adj.,认真的、热心的、重要的,125,0.332,cet4+cet6+postgrad
ease,v.,使安乐、使安心、减轻,1932,0.561,cet4+cet6+postgrad
ease,n.,安乐、安逸、悠闲,1490,0.433,cet4+cet6+postgrad
ebb,n.,退潮、衰退,230,0.813,postgrad
ebb,v.,潮退、衰退,32,0.113,postgrad
edge,n.,边缘、尖锐、刀刃,11865,0.943,life+cet4+cet6+postgrad
edge,v.,使锐利、挤进、镶边,223,0.018,life+cet4+cet6+postgrad
effect,n.,结果、影响、效果,13721,0.988,life+cet4+cet6+postgrad
effect,v.,实行、引起、完成,160,0.012,life+cet4+cet6+postgrad
elaborate,adj.,精细的、详尽的、精心计划(或制作)的,1058,0.877,cet4+cet6+postgrad
elaborate,v.,详细地说明、用心地制作、发挥,149,0.123,cet4+cet6+postgrad
elastic,adj.,有弹性的、能伸缩的、可通融的,474,0.878,cet4+cet6+postgrad
elastic,n.,松紧带、橡皮筋,37,0.069,cet4+cet6+postgrad
eligible,adj.,有资格当选的、合格的,770,0.948,cet6+postgrad
eligible,n.,有资格者、合格者、适任者,42,0.052,cet6+postgrad
else,adv.,另外、否则、不然,62072,0.976,life
else,adj.,别的、其他的,1530,0.024,life
empty,adj.,空的、空虚的、空腹的,9280,0.965,life
empty,v.,倒空、使变空、使排出,339,0.035,life
encounter,n.,相会、相遇、遭遇,1287,0.683,cet4+cet6+postgrad
encounter,v.,遇见、邂逅、会战,563,0.299,cet4+cet6+postgrad
end,n.,结束、终点、目标,95243,0.803,life
end,v.,结束、终结、终止,19580,0.165,life
endeavour,n.,努力、力图、尽力,427,0.601,cet6
endeavour,v.,努力、力图、尽力,96,0.135,cet6
engineer,n.,工程师、工兵,2568,0.926,life+cet4+cet6+postgrad
engineer,v.,设计、监造、精明地处理,106,0.038,life+cet4+cet6+postgrad
enough,adv.,足够,63021,0.700,life
enough,adj.,充足的、足够,24386,0.271,life
envy,n.,羡慕、嫉妒,540,0.619,cet4+cet6+postgrad
envy,v.,羡慕、嫉妒,314,0.360,cet4+cet6+postgrad
epidemic,n.,传染病、流行病,297,0.560,cet6+postgrad
epidemic,adj.,流行的、传染性的,232,0.438,cet6+postgrad
equal,adj.,相等的、平等的、胜任的,3753,0.918,life+cet4+cet6+postgrad
equal,v.,等于、比得上,164,0.040,life+cet4+cet6+postgrad
equivalent,n.,同等物、等价物、相等物,2252,0.705,cet4+cet6+postgrad
equivalent,adj.,相等的、相当的、同意义的,938,0.294,cet4+cet6+postgrad
escape,v.,逃脱、避开、溜走,5386,0.579,cet4+cet6+postgrad
escape,n.,逃亡、避难设备、逃跑,3417,0.368,cet4+cet6+postgrad
estimate,n.,估计、判断,10133,0.883,life+cet4+cet6+postgrad
estimate,v.,估计、评价、判断,1163,0.101,life+cet4+cet6+postgrad
evil,adj.,邪恶的、不幸的、有害的,3918,0.691,cet4+cet6+postgrad
evil,n.,邪恶、不幸、罪恶,1063,0.187,cet4+cet6+postgrad
excess,n.,过度、剩于、超过,1218,0.601,cet4+cet6+postgrad
excess,adj.,过量的、额外的,799,0.394,cet4+cet6+postgrad
exchange,n.,交换、(电话)交换局、交换机,2484,0.723,life+cet4+cet6+postgrad
exchange,v.,交换、交易、兑换,295,0.086,life+cet4+cet6+postgrad
executive,n.,执行部门、执行委员会、执行者,4480,0.589,life+cet4+cet6+postgrad
executive,adj.,执行的、善于执行的、善于经营的,499,0.066,life+cet4+cet6+postgrad
exempt,adj.,免除的,313,0.907,cet6+postgrad
exempt,v.,使免除、豁免,32,0.093,cet6+postgrad
exercise,n.,行使、执行、运动,4687,0.827,life
exercise,v.,运用、练习、运动,948,0.167,life
exhaust,n.,排气、排气装置、废气,368,0.840,cet4+cet6+postgrad
exhaust,v.,抽完、用尽、耗尽,57,0.130,cet4+cet6+postgrad
exhibit,n.,显示、显现、展览品,474,0.718,cet4+cet6+postgrad
exhibit,v.,展现、陈列、展览,186,0.282,cet4+cet6+postgrad
experience,n.,经历、经验、体验,26099,0.914,life+cet4+cet6+postgrad
experience,v.,经历、经验、体验,2467,0.086,life+cet4+cet6+postgrad
expert,n.,专家、行家,9598,0.883,life+cet4+postgrad
expert,adj.,老练的、内行的、专门的,1215,0.112,life+cet4+postgrad
export,n.,输出品、输出,1309,0.698,cet4+postgrad
export,v.,输出、出口,523,0.279,cet4+postgrad
express,v.,表达、表示、表露,2333,0.593,life+cet4+cet6+postgrad
express,adj.,明确的、丝毫不差的、专门的,309,0.079,life+cet4+cet6+postgrad
express,n.,快车、快递、专使,45,0.011,life+cet4+cet6+postgrad
exterior,n.,外部、表面、外貌,784,0.866,cet4+cet6+postgrad
exterior,adj.,外部的、外在的、表面的,105,0.116,cet4+cet6+postgrad
extreme,adj.,极端的、尽头的、极度的,4697,0.883,cet4+cet6+postgrad
extreme,n.,极端、末端,478,0.090,cet4+cet6+postgrad
face,n.,脸、面容、正面,38160,0.684,life
face,v.,面对、朝、正视,16267,0.292,life
fail,v.,失败、缺乏、中断,5727,0.932,life
fail,n.,不及格,162,0.026,life
faint,adj.,模糊的、微弱的、无力的,899,0.790,cet4+cet6+postgrad
faint,v.,昏倒、变得微弱,226,0.199,cet4+cet6+postgrad
fair,adj.,公平的、按规则进行的、不好不坏的,24394,0.847,life+cet4+cet6+postgrad
fair,n.,展览会、市集、美好的事物,842,0.029,life+cet4+cet6+postgrad
faithful,adj.,忠实的、详确的、可靠的,744,0.561,cet4+cet6+postgrad
faithful,n.,信徒,495,0.373,cet4+cet6+postgrad
fake,adj.,假的,5588,0.857,cet6+postgrad
fake,n.,假货、欺骗、诡计,597,0.092,cet6+postgrad
fall,v.,倒下、落下、来临,13941,0.677,life
fall,n.,落下、瀑布、采伐量,6642,0.323,life
fancy,adj.,想象的、精美的、新奇的,8769,0.795,cet4+cet6+postgrad
fancy,n.,想象力、幻想、喜好,1096,0.099,cet4+cet6+postgrad
far,adv.,甚远地、很、到很深的程度,78200,0.952,life
far,adj.,远的、久远的、遥远的,3019,0.037,life
fare,n.,费用、旅客、食物,1299,0.678,cet4+cet6+postgrad
fare,v.,进展、进步、经营,576,0.301,cet4+cet6+postgrad
farm,n.,农场、农田,11066,0.846,life
farm,v.,耕种,199,0.015,life
fast,adv.,很快地、紧紧地、彻底地,16467,0.663,life
fast,adj.,快速的、紧的,8097,0.326,life
fat,adj.,肥的、胖的、油腻的,8826,0.746,life+postgrad
fat,n.,脂肪、脂油、肥肉,1795,0.152,life+postgrad
fault,n.,过错、故障、毛病,10870,0.955,cet4+postgrad
fault,v.,挑剔,435,0.038,cet4+postgrad
favour,n.,好感、偏爱、喜爱,9150,0.933,cet4+cet6
favour,v.,赞成、帮助、支持,596,0.061,cet4+cet6
fear,n.,恐怖、害怕、担心,10369,0.746,life+cet4+cet6+postgrad
fear,v.,害怕、恐惧、为...担心,3530,0.254,life+cet4+cet6+postgrad
feast,n.,宴会、酒席、享受,1920,0.749,cet4+cet6+postgrad
feast,v.,款待、享乐、请客,302,0.118,cet4+cet6+postgrad
feather,n.,羽毛,1154,0.760,cet4+cet6+postgrad
feather,v.,长羽毛,46,0.030,cet4+cet6+postgrad
feature,n.,面孔的一部分(如眼、口等)、特征、容貌,4826,0.844,life+cet4+cet6+postgrad
feature,v.,是...的特色、特写、放映,874,0.153,life+cet4+cet6+postgrad
feed,v.,喂、饲养、放牧,7445,0.763,life+cet4+cet6+postgrad
feed,n.,饲料、一餐、饲养,2291,0.235,life+cet4+cet6+postgrad
feel,v.,感觉、觉得、触摸,100128,0.933,life
feel,n.,感觉、觉得、触摸,5457,0.051,life
fellow,adj.,同伴的、同事的、同道的,3454,0.546,cet4+cet6+postgrad
fellow,n.,男人、朋友、同事,2632,0.416,cet4+cet6+postgrad
female,adj.,女性的、女子的,6025,0.638,life+cet4+cet6+postgrad
female,n.,女性、女人、雌性动物,3158,0.335,life+cet4+cet6+postgrad
fetch,v.,接来、取来、售得,2902,0.966,cet4+cet6+postgrad
fetch,n.,取得、拿、诡计,84,0.028,cet4+cet6+postgrad
fight,v.,对抗、打架,11669,0.527,life+cet4+cet6+postgrad
fight,n.,打架、争吵、斗志,10460,0.473,life+cet4+cet6+postgrad
figure,n.,数字、价格、图形,12530,0.831,life+cet4+cet6+postgrad
figure,v.,描绘、表示、演算,2532,0.168,life+cet4+cet6+postgrad
file,n.,档案、公文箱、文件夹,1979,0.827,life+cet4+postgrad
file,v.,列队行进、用锉刀做,369,0.154,life+cet4+postgrad
fill,v.,装满、填充、弥漫,8018,0.911,life
fill,n.,满足、装满、充分,716,0.081,life
finance,n.,财政、财务,3364,0.645,cet4+cet6+postgrad
finance,v.,供给...经费、负担经费,628,0.120,cet4+cet6+postgrad
fine,adj.,好的、晴朗的、健康的,39661,0.710,life
fine,n.,罚款、罚金、晴天,9599,0.172,life
finish,v.,完成、结束、用完,13842,0.601,life
finish,n.,完成、结束、末道漆,9170,0.398,life
fire,n.,火、炉火、电炉,26871,0.872,life
fire,v.,点燃、烧制、使发光,2175,0.071,life
firm,n.,公司、商号,5887,0.839,life+cet4+cet6+postgrad
firm,adj.,坚定的、坚强的、牢固的,1019,0.145,life+cet4+cet6+postgrad
firm,v.,使牢固、使坚定,113,0.016,life+cet4+cet6+postgrad
first,adj.,第一的,207020,0.691,life
first,adv.,首先、第一、优先,71368,0.238,life
fit,v.,适合、安装、使合身,11422,0.611,life
fit,n.,适宜、合身、发作,4164,0.223,life
fit,adj.,适宜的、对的、准备好的,2950,0.158,life
fitting,adj.,适宜的,1948,0.765,cet6+postgrad
fitting,n.,试穿、试衣、装配,572,0.225,cet6+postgrad
fix,v.,使固定、修理、准备,6401,0.849,life+cet4+cet6+postgrad
fix,n.,困境、方位、维修,1053,0.140,life+cet4+cet6+postgrad
flake,n.,小薄片、扁薄的一层、火星,173,0.526,cet6
flake,v.,使成薄片,84,0.255,cet6
flank,n.,侧面、侧腹、胁,253,0.852,cet6
flank,v.,攻击侧面、守侧面,25,0.084,cet6
flare,n.,闪光、闪耀,275,0.702,cet4+cet6+postgrad
flare,v.,闪光、闪耀,85,0.217,cet4+cet6+postgrad
flash,n.,闪光、闪现、一瞬间,2428,0.755,cet4+cet6+postgrad
flash,v.,闪光、闪现、反射,437,0.136,cet4+cet6+postgrad
flat,adj.,平坦的、单调的、无力的,19198,0.967,cet4+cet6+postgrad
flat,adv.,平直地、断然地,212,0.011,cet4+cet6+postgrad
flavour,n.,味、调味香料、滋味,10277,0.956,cet4+cet6
flavour,v.,给...调味、给...增添风趣、加香料,287,0.027,cet4+cet6
fling,n.,投掷、急冲、嘲弄,259,0.538,cet6+postgrad
fling,v.,投、丢下、抛弃,168,0.349,cet6+postgrad
float,v.,浮动、飘动、散播,1210,0.659,cet4+cet6+postgrad
float,n.,漂流物、浮舟、漂浮,603,0.328,cet4+cet6+postgrad
flow,n.,流程、流动、流量,3343,0.798,life+cet4+postgrad
flow,v.,流动、流泄、畅流,762,0.182,life+cet4+postgrad
fluid,n.,液体、分泌液、流体,1131,0.702,cet4+cet6+postgrad
fluid,adj.,流动的、可改变的,471,0.293,cet4+cet6+postgrad
fluorescent,adj.,荧光的,155,0.775,cet6
fluorescent,n.,荧光,21,0.105,cet6
flush,adj.,丰足的、齐平的、满盈的,616,0.556,cet4+cet6+postgrad
flush,v.,脸发红、奔涌、旺盛,488,0.440,cet4+cet6+postgrad
flutter,n.,摆动、鼓翼、烦扰,321,0.709,cet6
flutter,v.,摆动、鼓翼、烦扰,93,0.205,cet6
fly,v.,飞、飞翔、飘扬,12408,0.768,life
fly,n.,苍蝇、两翼昆虫、飞行,3739,0.232,life
focus,n.,焦点、焦距,6844,0.563,life+cet4+cet6+postgrad
focus,v.,聚焦、注视,5071,0.417,life+cet4+cet6+postgrad
fog,n.,雾、迷惑、(割后的)最生草,2369,0.976,cet4+cet6+postgrad
fog,v.,被雾笼罩、变模糊,49,0.020,cet4+cet6+postgrad
foil,n.,箔、烘托、衬托,943,0.951,cet6
foil,v.,贴箔于、衬托、阻止,44,0.044,cet6
following,adj.,下列的、其次的,1868,0.122,life+cet4+cet6+postgrad
following,n.,下列各项、部下、追随者,358,0.023,life+cet4+cet6+postgrad
fool,n.,愚人、受骗者、奶油拌水果,3503,0.758,cet4+postgrad
fool,v.,愚弄、欺骗、浪费,995,0.215,cet4+postgrad
foot,n.,脚、步调、英尺,15652,0.935,life
foot,v.,走在...上、给...换底、支付,237,0.014,life
force,n.,力量、武力、势力,13425,0.730,life+cet4+cet6+postgrad
force,v.,强迫、强夺、推动,3071,0.167,life+cet4+cet6+postgrad
forecast,n.,预想、预测、预报,3288,0.810,cet4+cet6+postgrad
forecast,v.,预想、预测、预报,751,0.185,cet4+cet6+postgrad
foremost,adj.,最初的、最重要的,576,0.671,cet4+cet6+postgrad
foremost,adv.,在最前,278,0.324,cet4+cet6+postgrad
forfeit,v.,没收、丧失,423,0.904,postgrad
forfeit,n.,没收物、罚金、丧失,32,0.068,postgrad
fork,n.,叉子、叉状物、分岔,1587,0.838,cet4+cet6+postgrad
fork,v.,分支、分歧,222,0.117,cet4+cet6+postgrad
form,n.,形状、形体、类型,19786,0.815,life
form,v.,形成、排列、(使)组成,4480,0.185,life
forward,adv.,向前地,41807,0.966,life
forward,adj.,向前的、早的、迅速的,523,0.012,life
fossil,n.,化石、古物,636,0.594,cet6+postgrad
fossil,adj.,化石的、陈腐的、守旧的,398,0.372,cet6+postgrad
frame,n.,框、结构、体格,10923,0.952,life+cet4+cet6+postgrad
frame,v.,构成、设计、制定,480,0.042,life+cet4+cet6+postgrad
free,adj.,自由的、享受政治权力的、允许的,32587,0.917,life
free,v.,释放、解放、使自由,717,0.020,life
freeze,n.,结冰、凝固,2462,0.609,cet4+cet6+postgrad
freeze,v.,冻结、冷冻、僵硬,1579,0.391,cet4+cet6+postgrad
fret,v.,烦恼、不满、磨损,115,0.489,cet6
fret,n.,烦躁、磨损、焦急,110,0.468,cet6
frost,n.,霜、冰冻、冷漠,1450,0.556,cet4+cet6+postgrad
frost,v.,覆着霜、冻结、结霜,46,0.018,cet4+cet6+postgrad
frown,n.,皱眉,170,0.521,cet4+cet6+postgrad
frown,v.,皱眉头,78,0.239,cet4+cet6+postgrad
fuel,n.,燃料、木炭,8169,0.959,life+cet4+postgrad
fuel,v.,加燃料、供燃料,350,0.041,life+cet4+postgrad
function,n.,官能、职务、功能,1737,0.747,life+cet4+cet6+postgrad
function,v.,活动、运行、行使职责,585,0.252,life+cet4+cet6+postgrad
fund,n.,基金、资金、存款,6658,0.674,life+cet4+cet6+postgrad
fund,v.,提供资金、积累,1925,0.195,life+cet4+cet6+postgrad
further,adj.,更远的、此外的、更多的,18209,0.584,cet4+cet6+postgrad
further,adv.,更进一步地、更远地、此外,12868,0.412,cet4+cet6+postgrad
fuss,n.,大惊小怪、小题大作、忙乱,1609,0.889,cet6+postgrad
fuss,v.,无事自扰、焦急、焦燥,158,0.087,cet6+postgrad
future,n.,未来、将来,30310,0.753,life
future,adj.,将来的、未来的,9182,0.228,life
gain,v.,得到、增进、赚到,2601,0.594,life+cet4+cet6+postgrad
gain,n.,增益、获得、利润,1476,0.337,life+cet4+cet6+postgrad
gallop,n.,疾驰、飞奔,248,0.557,postgrad
gallop,v.,飞驰、急速进行、急急忙忙地说,145,0.326,postgrad
gamble,n.,赌博、冒险,2263,0.789,cet6+postgrad
gamble,v.,赌博、孤注一掷,503,0.175,cet6+postgrad
gasp,v.,喘气、喘息、渴望,296,0.701,cet4+cet6+postgrad
gasp,n.,喘气,35,0.083,cet4+cet6+postgrad
gauge,n.,标准度量、计量器,622,0.628,cet4+cet6+postgrad
gauge,v.,精确计量、估计,359,0.362,cet4+cet6+postgrad
gear,n.,齿轮、工具,3725,0.791,cet4+cet6+postgrad
gear,v.,以齿轮连起、开动、使适应,92,0.020,cet4+cet6+postgrad
gender,n.,性,844,0.920,life+postgrad
gender,v.,产生,62,0.068,life+postgrad
general,adj.,全面的、大体的、总的,14790,0.656,life+cet4+cet6+postgrad
general,n.,一般、将军、大体,592,0.026,life+cet4+cet6+postgrad
giant,adj.,庞大的、巨大的,6044,0.688,cet4+cet6+postgrad
giant,n.,巨人、大力士、巨大怪物,1970,0.224,cet4+cet6+postgrad
giggle,n.,咯咯笑、傻笑,556,0.772,postgrad
giggle,v.,吃吃地笑、咯咯地笑,23,0.032,postgrad
gleam,n.,光束、微光、反光,71,0.568,cet6
gleam,v.,闪烁、隐约地闪现,54,0.432,cet6
glitter,n.,灿烂、闪烁、辉耀,652,0.772,cet4+cet6+postgrad
glitter,v.,灿烂、闪烁、辉耀,34,0.040,cet4+cet6+postgrad
go,v.,去、走、达到,523931,0.969,life
go,n.,去、尝试、进行,14720,0.027,life
gold,n.,黄金、钱财、金块,21707,0.852,life+cet4+postgrad
gold,adj.,金的、似金的、金色的,1517,0.060,life+cet4+postgrad
gown,n.,睡衣、法衣、大学全体师生,674,0.865,cet4+cet6+postgrad
gown,v.,使穿睡衣,70,0.090,cet4+cet6+postgrad
grab,v.,抓取、抢去,6763,0.939,life+cet6+postgrad
grab,n.,抓握、掠夺、强占,353,0.049,life+cet6+postgrad
graduate,n.,毕业生、量杯,1415,0.797,cet4+cet6+postgrad
graduate,adj.,已得学位的、研究生的、毕业的,333,0.188,cet4+cet6+postgrad
grasp,n.,把握、抓紧、理解,620,0.519,cet4+cet6+postgrad
grasp,v.,抓住、紧握、领会,572,0.479,cet4+cet6+postgrad
grave,n.,墓穴、坟墓、终结,1966,0.618,cet4+cet6+postgrad
grave,adj.,庄重的、严肃的、重大的,1112,0.350,cet4+cet6+postgrad
green,adj.,绿色的、未成熟的、新鲜的,23645,0.713,life
green,n.,绿色、绿色颜料,1585,0.048,life
grey,n.,灰色,4103,0.635,cet4+cet6+postgrad
grey,adj.,灰色的、阴沉的,922,0.143,cet4+cet6+postgrad
grey,v.,(使)成灰色,77,0.012,cet4+cet6+postgrad
grin,n.,露齿笑,571,0.809,cet6+postgrad
grin,v.,露齿而笑,93,0.132,cet6+postgrad
grind,v.,磨擦、磨碎、磨光,600,0.694,cet4+cet6+postgrad
grind,n.,磨、碾、苦差,217,0.251,cet4+cet6+postgrad
groan,n.,呻吟、叹息,87,0.399,cet4+cet6+postgrad
groan,v.,呻吟、抱怨、受压迫,59,0.271,cet4+cet6+postgrad
groove,n.,凹槽、惯例、理想境况,591,0.595,cet6
groove,v.,开槽于,175,0.176,cet6
grope,v.,摸索,36,0.590,cet6+postgrad
grope,n.,摸索,20,0.328,cet6+postgrad
ground,n.,土地、战场、场地,29998,0.962,life
ground,v.,放在地上、使搁浅、打基础,323,0.010,life
growl,n.,吠声、咆哮声,151,0.599,cet6
growl,v.,怒吠、咆哮、吼,76,0.302,cet6
grunt,n.,呼噜声、咕哝,108,0.486,cet6
grunt,v.,作呼噜声,42,0.189,cet6
guarantee,v.,保证、担保,2789,0.574,cet4+cet6+postgrad
guarantee,n.,担保、抵押品、保证书,2061,0.424,cet4+cet6+postgrad
guard,n.,守卫者、警戒、护卫队,2971,0.697,life+cet4+cet6+postgrad
guard,v.,保卫、看守、当心,535,0.126,life+cet4+cet6+postgrad
guess,v.,猜测、臆测,19509,0.669,life
guess,n.,猜测、臆测,6695,0.229,life
guide,n.,引导者、导游、指南,7011,0.754,life+cet4+cet6+postgrad
guide,v.,指导、支配、管理,1363,0.147,life+cet4+cet6+postgrad
half,n.,一半、半场、不完全,43510,0.607,life
half,adj.,一半的、不完全的、部分的,4323,0.060,life
halt,n.,停止、立定、休息,1405,0.806,cet4+cet6+postgrad
halt,v.,使停止、使立定,322,0.185,cet4+cet6+postgrad
hammer,n.,锤、铁锤、钉锤,7195,0.783,cet4+cet6+postgrad
hammer,v.,锤打、敲打、钉,285,0.031,cet4+cet6+postgrad
hand,n.,手、爪、指针,52192,0.948,life
hand,v.,交给、支持、搀扶,2483,0.045,life
harbour,n.,港、避难所,2026,0.755,cet4+cet6
harbour,v.,庇护、藏匿、(使)入港停泊,96,0.036,cet4+cet6
hard,adj.,坚硬的、硬的、难的,58328,0.754,life
hard,adv.,坚硬地、努力地、辛苦地,18556,0.240,life
harm,n.,伤害、害处,3385,0.744,cet4+cet6+postgrad
harm,v.,伤害、损害,1156,0.254,cet4+cet6+postgrad
harness,n.,马具、挽具状带子、甲胄,500,0.585,cet4+cet6+postgrad
harness,v.,给...上挽具、驾驭、披上甲胄,332,0.388,cet4+cet6+postgrad
harp,n.,竖琴,422,0.834,cet6
harp,v.,弹奏竖琴、不停地说,35,0.069,cet6
harvest,n.,收获、成果、收获物,1565,0.724,cet4+cet6+postgrad
harvest,v.,收割、收获,480,0.222,cet4+cet6+postgrad
hatch,n.,孵化、舱口,630,0.441,cet4+cet6+postgrad
hatch,v.,孵、孵出、策划,597,0.418,cet4+cet6+postgrad
hate,v.,憎恨、憎恶,11771,0.895,life+cet4+cet6+postgrad
hate,n.,憎恨、恨、厌恶,1198,0.091,life+cet4+cet6+postgrad
haul,n.,用力拖拉、拖运、强拉,1142,0.721,cet6+postgrad
haul,v.,拖、拉、改变方向,412,0.260,cet6+postgrad
head,n.,头、头脑、领袖,67804,0.827,life
head,v.,为首、朝向、前进,9687,0.118,life
heat,n.,热、热度、体温,10360,0.883,life+cet4+cet6+postgrad
heat,v.,加热、激昂、加剧,888,0.076,life+cet4+cet6+postgrad
heavy,adj.,重的、巨大的、沉重的,15048,0.938,life
heavy,n.,重物、严肃角色,420,0.026,life
hedge,n.,树篱、障碍、套头交易,1567,0.860,cet4+cet6+postgrad
hedge,v.,用树篱围、套期保值、妨碍,138,0.076,cet4+cet6+postgrad
hedge,adj.,树篱的、偷偷摸摸的,68,0.037,cet4+cet6+postgrad
help,v.,帮助、帮忙、接济,84919,0.754,life
help,n.,帮忙、帮助者、补救办法,27680,0.246,life
high,adj.,高的、高级的、主要的,59207,0.871,life
high,adv.,高度地、奢侈地,1436,0.021,life
highlight,n.,加亮区、精彩场面,1374,0.606,cet4+cet6+postgrad
highlight,v.,加亮、使显著、以强光照射,881,0.389,cet4+cet6+postgrad
hike,n.,徒步旅行、远足、涨价,631,0.796,cet6+postgrad
hike,v.,步行、徒步旅行、上升,106,0.134,cet6+postgrad
hint,n.,暗示、提示,1701,0.951,cet4+cet6+postgrad
hint,v.,暗示、示意,88,0.049,cet4+cet6+postgrad
hire,v.,雇请、出租,1495,0.684,life+cet4+cet6+postgrad
hire,n.,租金、租用、雇用,642,0.294,life+cet4+cet6+postgrad
hiss,n.,嘘声、嘶嘶声,91,0.378,cet6
hiss,v.,发出嘘声、发嘶嘶声,64,0.266,cet6
hit,v.,打、打击、碰撞,34279,0.835,life+cet4+cet6+postgrad
hit,n.,打击、打、冲撞,6748,0.164,life+cet4+cet6+postgrad
hoe,n.,锄头,96,0.536,cet6
hoe,v.,用锄耕地、锄,82,0.458,cet6
hoist,v.,升起、升高、举起,87,0.380,cet6+postgrad
hoist,n.,升高、起重机、推动,82,0.358,cet6+postgrad
hold,v.,保存、握住、拿住,36926,0.869,life
hold,n.,把握、把持力、柄,5575,0.131,life
home,n.,家、避难所、故乡,135450,0.925,life
home,adv.,在家、在本国、打中目标地,3861,0.026,life
honour,n.,荣誉、头衔、信用,5410,0.774,cet4+cet6
honour,v.,尊敬、授予荣誉、承兑,978,0.140,cet4+cet6
hop,n.,单脚跳、跳跃、舞会,2265,0.555,cet6+postgrad
hop,v.,单脚跳、跳跃,707,0.173,cet6+postgrad
hope,v.,希望、期望、信赖,51411,0.697,life
hope,n.,希望、信心、期待,17965,0.244,life
hopeful,adj.,有希望的、怀抱希望的、保持乐观的,1808,0.971,cet4+cet6+postgrad
hopeful,n.,有希望之人、有前途之人,51,0.027,cet4+cet6+postgrad
host,n.,主人、旅馆老板、节目主持人,4135,0.827,life+cet4+cet6+postgrad
host,v.,当主人招待、作...节目主持人,816,0.163,life+cet4+cet6+postgrad
hostile,adj.,敌人的、怀敌意的、敌对的,1094,0.944,cet4+cet6+postgrad
hostile,n.,敌对分子,65,0.056,cet4+cet6+postgrad
hover,v.,盘旋、翱翔、徘徊,155,0.459,cet6+postgrad
hover,n.,翱翔,143,0.423,cet6+postgrad
huddle,n.,杂乱一团、混乱、拥挤,89,0.412,cet6+postgrad
huddle,v.,把...挤在一起、乱堆、草率了事,75,0.347,cet6+postgrad
hum,n.,嗡嗡声、哼声、杂声,324,0.523,cet6+postgrad
hum,v.,发低哼声,129,0.208,cet6+postgrad
humour,n.,幽默、诙谐、情绪,2864,0.917,cet4+cet6
humour,v.,使满足、迁就,96,0.031,cet4+cet6
hurt,v.,伤害、(使)伤心、危害,11764,0.882,life+cet4+cet6+postgrad
hurt,n.,伤害、创伤、损害,1166,0.087,life+cet4+cet6+postgrad
hush,n.,肃静、安静、沉默,95,0.119,cet6
hush,v.,(使)肃静、(使)安静、(使)缄默,61,0.077,cet6
ideal,adj.,理想的、完美的、空想的,5823,0.823,cet4+cet6+postgrad
ideal,n.,理想、典范、观念,879,0.124,cet4+cet6+postgrad
impact,n.,冲击、冲突、影响,13715,0.955,life+cet4+cet6+postgrad
impact,v.,挤入、撞击、压紧,576,0.040,life+cet4+cet6+postgrad
imperative,adj.,命令式的、急需的、势在必行的,434,0.736,cet6+postgrad
imperative,n.,命令、必要的事、规则,155,0.263,cet6+postgrad
import,n.,进口货、进口、输入,485,0.578,cet4+cet6+postgrad
import,v.,输入、引入、进口,354,0.422,cet4+cet6+postgrad
inch,n.,英寸、身高、小岛,2939,0.963,cet4+cet6+postgrad
inch,v.,慢慢前进、慢慢移动,78,0.026,cet4+cet6+postgrad
increase,n.,增加、增进、利益,6940,0.545,life+cet4+cet6+postgrad
increase,v.,增加、加大,5790,0.455,life+cet4+cet6+postgrad
individual,adj.,个别的、个人的、独特的,7888,0.760,life+cet4+cet6+postgrad
individual,n.,人、个人、个体,2480,0.239,life+cet4+cet6+postgrad
infant,n.,婴儿、儿童、初学者,528,0.879,cet4+cet6+postgrad
infant,adj.,婴儿的、幼稚的,41,0.068,cet4+cet6+postgrad
infinite,adj.,无穷的、无限的、极大的,345,0.639,cet4+cet6+postgrad
infinite,n.,无限、神,141,0.261,cet4+cet6+postgrad
influence,n.,影响力、权力、势力,5023,0.817,life+cet4+cet6+postgrad
influence,v.,影响、改变,1115,0.181,life+cet4+cet6+postgrad
initiate,v.,开始、传授基本知识给,220,0.913,cet6+postgrad
initiate,n.,入会、开始,20,0.083,cet6+postgrad
insert,v.,插入、把(人造卫星)射入(轨道)、添写,362,0.879,cet4+cet6+postgrad
insert,n.,插入物,47,0.114,cet4+cet6+postgrad
instant,adj.,紧急的、立即的、即时的,1467,0.642,cet4+cet6+postgrad
instant,n.,立即、瞬间,801,0.351,cet4+cet6+postgrad
intellectual,adj.,智力的、用脑力的、聪明的,1131,0.943,cet4+cet6+postgrad
intellectual,n.,有知识者、知识分子、凭理智做事者,43,0.036,cet4+cet6+postgrad
intent,n.,意图、含义、故意,1357,0.945,cet6
intent,adj.,专心的、决心的、热心的,76,0.053,cet6
interact,v.,互相影响、交互作用,567,0.858,cet6+postgrad
interact,n.,幕间剧、幕间休息,78,0.118,cet6+postgrad
interest,n.,兴趣、嗜好、利息,22085,0.980,life+cet4+cet6+postgrad
interest,v.,使感兴趣、与...有关系,433,0.019,life+cet4+cet6+postgrad
interim,adj.,暂时的、临时的、间歇的,556,0.884,cet6+postgrad
interim,n.,过渡时期,62,0.099,cet6+postgrad
interior,n.,内部、内政,1594,0.535,cet4+cet6+postgrad
interior,adj.,内部的、心灵的、内地的,1198,0.402,cet4+cet6+postgrad
interview,n.,面谈、访问、接见,7006,0.885,life+cet4+cet6+postgrad
interview,v.,接见、对...进行面谈(试),861,0.109,life+cet4+cet6+postgrad
intrigue,n.,阴谋、复杂的事,100,0.351,cet6+postgrad
intrigue,v.,密谋、私通,42,0.147,cet6+postgrad
iron,n.,铁、熨斗、铁器,4672,0.707,cet4+cet6+postgrad
iron,v.,烫平、熨、用铁包,279,0.042,cet4+cet6+postgrad
issue,n.,发行、问题、后果,29923,0.976,life+cet4+cet6+postgrad
issue,v.,发行、流出、造成...结果,722,0.024,life+cet4+cet6+postgrad
Japanese,adj.,日本的、日语的,5313,0.920,life
Japanese,n.,日本人、日语,69,0.012,life
jerk,n.,性情古怪的人、急拉、肌肉抽搐,605,0.856,cet6
jerk,v.,痉挛、急拉、急推,49,0.069,cet6
jet,n.,喷射流、喷嘴、煤玉,2670,0.819,cet4+cet6+postgrad
jet,v.,射出、迸出、喷射,84,0.026,cet4+cet6+postgrad
jog,n.,轻推、轻撞、慢跑,255,0.487,cet6+postgrad
jog,v.,轻推、(使)蹒跚行进、(使)慢跑,204,0.389,cet6+postgrad
join,v.,参加、结合、加入,24911,0.982,life
join,n.,连接、结合、接合点,270,0.011,life
joint,adj.,共同的、联合的、连接的,2811,0.700,cet4+cet6+postgrad
joint,n.,连接处、接合、关节,840,0.209,cet4+cet6+postgrad
joke,n.,笑话、玩笑、笑柄,7544,0.953,cet4+postgrad
joke,v.,开玩笑、取笑、作弄,333,0.042,cet4+postgrad
jolly,adv.,非常、极为,1572,0.528,cet4+cet6+postgrad
jolly,adj.,愉快的、高兴的、宜人的,1313,0.441,cet4+cet6+postgrad
judge,n.,法官、裁判员、审判官,6351,0.649,life+cet4+cet6+postgrad
judge,v.,审理、鉴定、判断,2793,0.286,life+cet4+cet6+postgrad
jump,n.,跳跃、跳动、暴涨,6774,0.483,life
jump,v.,跳跃、跃过、突升,6749,0.481,life
keen,adj.,锋利的、敏锐的、强烈的,13413,0.951,cet4+cet6+postgrad
keen,v.,唱挽歌、痛哭,567,0.040,cet4+cet6+postgrad
kick,n.,踢、反冲、后座力,9254,0.567,life+cet4+cet6+postgrad
kick,v.,踢、反抗、反冲,6272,0.384,life+cet4+cet6+postgrad
kill,v.,杀、破坏、消灭,15290,0.926,life+cet4+postgrad
kill,n.,杀、杀戮、小河,1216,0.074,life+cet4+postgrad
kind,n.,种类、性质、方式,73783,0.915,life
kind,adj.,亲切的、仁慈的、和蔼的,1769,0.022,life
kiss,v.,吻,4475,0.502,cet4+postgrad
kiss,n.,吻,4398,0.493,cet4+postgrad
kite,n.,风筝、筝帆、空头支票,1171,0.757,cet4+cet6+postgrad
kite,v.,象风筝一样飞、轻快地移动、使用空头支票,46,0.030,cet4+cet6+postgrad
label,n.,标签、称号、商标,2517,0.924,cet4+cet6+postgrad
label,v.,贴标签于、标注,175,0.064,cet4+cet6+postgrad
lace,n.,饰带、花边、缎带,797,0.746,cet4+cet6+postgrad
lace,v.,结带子、饰以花边,52,0.049,cet4+cet6+postgrad
lack,n.,缺乏、无、不足,7561,0.907,life+cet4+postgrad
lack,v.,缺乏、短少、不足,766,0.092,life+cet4+postgrad
lag,n.,落后、囚犯、迟延,200,0.794,cet4+cet6+postgrad
lag,v.,落后、蹒跚、缓缓而行,52,0.206,cet4+cet6+postgrad
lamb,n.,小羊、羔羊,6671,0.807,cet4+cet6+postgrad
lamb,v.,产羊羔,147,0.018,cet4+cet6+postgrad
land,n.,陆地、地面、地界,25184,0.825,life
land,v.,登陆、登岸、到达,2902,0.095,life
lap,n.,膝盖、舔、一圈,3191,0.946,cet4+cet6+postgrad
lap,v.,重叠、围住、轻拍,157,0.047,cet4+cet6+postgrad
last,adj.,最后的、末尾的、最近的,185242,0.976,life
last,v.,持续、支持、维持,4300,0.023,life
late,adj.,迟的、晚的、已故的,23202,0.715,life
late,adv.,很晚、很迟、晚,9214,0.284,life
launch,n.,下水、汽艇、发射,2494,0.539,life+cet4+cet6+postgrad
launch,v.,使下水、发射、发动,2046,0.442,life+cet4+cet6+postgrad
lead,n.,铅、铅条、领导,18333,0.600,life+cet4+postgrad
lead,v.,引导、带领、领导,10964,0.359,life+cet4+postgrad
lead,adj.,带头的、最重要的,1279,0.042,life+cet4+postgrad
leaf,n.,叶、树叶、花瓣,3479,0.893,life+cet4+cet6+postgrad
leaf,v.,生叶、翻书页,44,0.011,life+cet4+cet6+postgrad
leak,n.,漏洞、漏处、漏出,1499,0.813,cet4+cet6+postgrad
leak,v.,漏、泄漏,324,0.176,cet4+cet6+postgrad
lean,adj.,瘦的、贫乏的、歉收的,1147,0.506,life+cet4+cet6+postgrad
lean,v.,倚靠、倾斜、依赖,1121,0.494,life+cet4+cet6+postgrad
leap,n.,跳跃、剧增、急变,1777,0.677,cet4+cet6+postgrad
leap,v.,跳跃、突然经过,583,0.222,cet4+cet6+postgrad
lease,n.,租约、租期、租,1263,0.913,cet6+postgrad
lease,v.,出租、租出、租得,102,0.074,cet6+postgrad
leave,v.,离开、剩下、遗忘,59936,0.962,life
leave,n.,许可、告别、请假,2351,0.038,life
lecture,n.,演讲、谴责、讲稿,867,0.787,cet4+cet6+postgrad
lecture,v.,演讲、训诫、说教,213,0.193,cet4+cet6+postgrad
left,n.,左、左面、左派,8050,0.087,life
left,adj.,左边的、左倾的、左侧的,6034,0.065,life
less,adj.,少的、小的,28519,0.690,life+cet4+postgrad
less,adv.,较少、较小、较差,12753,0.308,life+cet4+postgrad
level,n.,水平、水准、平地,25745,0.950,life+cet4+cet6+postgrad
level,v.,弄平、夷平、使同等,527,0.019,life+cet4+cet6+postgrad
level,adj.,同高的、平坦的、齐平的,367,0.014,life+cet4+cet6+postgrad
lever,n.,杠杆、似杠杆之工具,664,0.726,cet4+cet6+postgrad
lever,v.,撬开,43,0.047,cet4+cet6+postgrad
levy,n.,税款、所征的人数、征收,876,0.636,postgrad
levy,v.,征税、课税,57,0.041,postgrad
license,n.,执照、许可证、特许,466,0.916,cet4+cet6+postgrad
license,v.,许可、特许,39,0.077,cet4+cet6+postgrad
lick,v.,舔、卷过、鞭打,700,0.475,cet4+cet6+postgrad
lick,n.,舔、少许、打,698,0.474,cet4+cet6+postgrad
lie,v.,躺着、说谎、位于,6885,0.587,life
lie,n.,谎言、假象、位置,4840,0.413,life
lift,v.,升高、提高、鼓舞,6142,0.544,life+cet4+postgrad
lift,n.,举起、帮助、昂扬,5039,0.446,life+cet4+postgrad
light,n.,光、光亮、灯,19552,0.512,life
light,adj.,轻的、少量的、轻微的,16627,0.435,life
light,v.,点燃、照亮,1478,0.039,life
lightning,n.,闪电,1795,0.890,cet4+cet6+postgrad
lightning,v.,闪电,51,0.025,cet4+cet6+postgrad
likely,adj.,有可能的、合适的、前途有望的,14577,0.971,life+cet4+cet6+postgrad
likely,adv.,或许、可能,431,0.029,life+cet4+cet6+postgrad
lime,n.,石灰、粘鸟胶、酸橙,1821,0.742,cet4+cet6
lime,v.,以石灰处理、粘鸟胶于、撒石灰,48,0.020,cet4+cet6
limit,n.,界限、边界、限度,4790,0.867,life+cet4+cet6+postgrad
limit,v.,限制、限定,697,0.126,life+cet4+cet6+postgrad
line,n.,列、线、绳,54281,0.960,life+cet4+cet6+postgrad
line,v.,排成一行、顺...排列、划线于,770,0.014,life+cet4+cet6+postgrad
link,n.,环、连结物、链接,24981,0.733,life+cet4+cet6+postgrad
link,v.,连结、联合、挽住,974,0.029,life+cet4+cet6+postgrad
lip,n.,唇、口缘、唇状构造,1515,0.933,life+cet4+cet6+postgrad
lip,adj.,口头上的,82,0.051,life+cet4+cet6+postgrad
liquid,n.,液体、流体、流音,2080,0.578,cet4+cet6+postgrad
liquid,adj.,液体的、透明的、明亮的,1513,0.421,cet4+cet6+postgrad
list,n.,目录、名单、明细表,17872,0.983,life+cet4+cet6+postgrad
list,v.,列出、列于表上、记入名单内,303,0.017,life+cet4+cet6+postgrad
literate,adj.,有读写能力的、精通文学的、受过教育的,108,0.651,postgrad
literate,n.,学者,35,0.211,postgrad
little,adj.,小的、很少的、幼小的,202168,0.928,life
little,adv.,很少、稍微、完全不,9091,0.042,life
live,v.,活、生存、居住,50087,0.783,life
live,adj.,活的、生动的、精力充沛的,11903,0.186,life
load,n.,负荷、担子、重担,5589,0.896,cet4+cet6+postgrad
load,v.,装载、装填、使担负,648,0.104,cet4+cet6+postgrad
loan,n.,贷款、借出,4101,0.979,life+cet4+cet6+postgrad
loan,v.,借、供应货款、借给,61,0.015,life+cet4+cet6+postgrad
lobby,n.,大厅、休息室、游说议员者,833,0.730,cet6+postgrad
lobby,v.,游说议员、游说,234,0.205,cet6+postgrad
lock,n.,锁、刹车、水闸,2312,0.434,cet4+postgrad
lock,v.,锁、锁上、拘禁,1970,0.370,cet4+postgrad
locomotive,adj.,运转的、火车头的、移动的,338,0.784,cet4+cet6+postgrad
locomotive,n.,火车头、机车,80,0.186,cet4+cet6+postgrad
long,adj.,长的、长久的、冗长的,75020,0.586,life
long,adv.,长久、始终,49856,0.389,life
look,v.,看、注意、朝着,260714,0.765,life
look,n.,一看、神色、样子,80257,0.235,life
loose,adj.,宽松的、松的、宽的,4126,0.788,cet4+cet6+postgrad
loose,adv.,松散地,667,0.127,cet4+cet6+postgrad
loose,v.,释放、放枪、开船,112,0.021,cet4+cet6+postgrad
loud,adj.,大声的、不断的、喧吵的,5951,0.970,cet4+postgrad
loud,adv.,高声地、大声地,145,0.024,cet4+postgrad
love,v.,爱、爱好、爱慕,96887,0.639,life
love,n.,爱、恋爱、爱情,45102,0.297,life
lower,adj.,低的、下级的、下层的,10513,0.906,cet4+postgrad
lower,v.,降低、跌落、减弱,680,0.059,cet4+postgrad
lure,v.,引诱、诱惑,396,0.584,postgrad
lure,n.,饵、诱惑,282,0.416,postgrad
magic,adj.,魔术的、有魔力的、不可思议的,6234,0.457,cet4+cet6+postgrad
magic,n.,魔术、魔法,5412,0.397,cet4+cet6+postgrad
maiden,adj.,未婚的、处女的、初次的,1108,0.680,cet6+postgrad
maiden,n.,年轻未婚女子、少女、处女,237,0.145,cet6+postgrad
male,n.,男人、雄性动物,5438,0.597,life+cet4+postgrad
male,adj.,男性的、雄性的、有力的,3553,0.390,life+cet4+postgrad
manoeuvre,n.,调遣、演习、策略,653,0.654,cet6+postgrad
manoeuvre,v.,调动、演习、用策略,313,0.313,cet6+postgrad
manual,n.,手册、指南,461,0.458,cet4+cet6+postgrad
manual,adj.,手的、手动的、手工的,449,0.446,cet4+cet6+postgrad
manufacture,n.,产品、制造,491,0.574,cet4+cet6+postgrad
manufacture,v.,制造、假造,358,0.419,cet4+cet6+postgrad
map,n.,地图、天体图、映像,6160,0.934,life
map,v.,映射、绘制...地图、计划,323,0.049,life
marine,adj.,海的、海产的、海底的,1976,0.623,cet4+cet6+postgrad
marine,n.,舰队、水兵、海景画,112,0.035,cet4+cet6+postgrad
market,n.,市场、交易、集市,32388,0.959,life
market,v.,在市场上交易、使上市、销售,561,0.017,life
mass,n.,块、大多数、质量,5735,0.843,life+cet4+cet6+postgrad
mass,adj.,群众的、大规模的、整个的,301,0.044,life+cet4+cet6+postgrad
master,n.,主人、硕士、大师,8105,0.705,life+cet4+cet6+postgrad
master,v.,征服、控制、精通,508,0.044,life+cet4+cet6+postgrad
match,n.,比赛、火柴、对手,21575,0.805,life
match,v.,使相配、使比赛、与...竞争,4114,0.154,life
material,n.,材料、物资、素材,7307,0.978,life+cet4+cet6+postgrad
material,adj.,物质的、肉体的、重要的,84,0.011,life+cet4+cet6+postgrad
matter,n.,事件、物质、原因,25152,0.715,life
matter,v.,有关系,9995,0.284,life
mature,adj.,成熟的、到期的、充分考虑的,1753,0.772,cet4+cet6+postgrad
mature,v.,使成熟,443,0.195,cet4+cet6+postgrad
maximum,n.,极点、最大量、极大,4649,0.756,cet4+cet6+postgrad
maximum,adj.,最高的、最大的、最大极限的,1198,0.195,cet4+cet6+postgrad
mean,v.,意谓、想要、意欲,96757,0.947,life
mean,adj.,低劣的、卑贱的、简陋的,3077,0.030,life
mean,n.,平均数、中间、中庸,2152,0.021,life
meantime,n.,间隔时间、其时,2515,0.965,cet4+cet6+postgrad
meantime,adv.,其间,92,0.035,cet4+cet6+postgrad
measure,n.,尺寸、量度器、量度标准,3659,0.600,life+cet4+cet6+postgrad
measure,v.,测量、测度、估量,2439,0.400,life+cet4+cet6+postgrad
mechanic,adj.,手工的,362,0.544,cet4+cet6+postgrad
mechanic,n.,机械工、技工,276,0.414,cet4+cet6+postgrad
medium,n.,媒体、方法、媒介,1908,0.583,cet4+cet6+postgrad
medium,adj.,半生熟的、中间的,1336,0.408,cet4+cet6+postgrad
mention,v.,提到、提及,6194,0.836,life
mention,n.,提到、言及、陈述,1196,0.161,life
merit,n.,优点、功绩、价值,620,0.816,cet4+cet6+postgrad
merit,v.,值得,64,0.084,cet4+cet6+postgrad
mesh,n.,网孔、网丝、网眼,338,0.901,cet6
mesh,v.,以网捕捉、啮合、使缠住,36,0.096,cet6
middle,n.,中央、中间、腰部,21120,0.612,life
middle,adj.,中央的、中庸的、中间的,8536,0.247,life
mighty,adj.,有势力的、强大的、有力的,2535,0.754,cet6
mighty,adv.,很、极,316,0.094,cet6
military,adj.,军事的、军人的、适于战争的,11597,0.875,life+cet4+cet6+postgrad
military,n.,军队,1210,0.091,life+cet4+cet6+postgrad
mind,n.,思想、愿望、智力,37336,0.627,life
mind,v.,介意、注意、留心,21710,0.365,life
miniature,adj.,小规模的、纤小的,908,0.543,cet6+postgrad
miniature,n.,缩图、小画像,726,0.434,cet6+postgrad
minimum,n.,最小值,2386,0.484,cet4+cet6+postgrad
minimum,adj.,最小的、最低的,2342,0.475,cet4+cet6+postgrad
minute,n.,分、分钟、片刻,32333,0.947,life
minute,adj.,微小的、详细的,1468,0.043,life
mirror,n.,镜子、写真、典范,4477,0.789,life+cet4+cet6+postgrad
mirror,v.,反映、映出,197,0.035,life+cet4+cet6+postgrad
mix,n.,混合物、混乱、糊涂,6496,0.637,life+cet4+postgrad
mix,v.,使混合、弄混、使结合,2903,0.285,life+cet4+postgrad
mock,adj.,假的、伪造的、模拟的,893,0.799,cet6+postgrad
mock,v.,嘲弄、模仿、使失望,29,0.026,cet6+postgrad
model,n.,模型、模范、模特儿,8663,0.930,life+cet4+postgrad
model,v.,做模型、做模特儿,227,0.024,life+cet4+postgrad
moderate,adj.,适度的、稳健的、中等的,865,0.918,cet4+cet6+postgrad
moderate,v.,节制、减轻、使缓和,73,0.077,cet4+cet6+postgrad
monitor,v.,监视、监听、监督,1327,0.565,cet4+cet6+postgrad
monitor,n.,监督器、级长、监听员,876,0.373,cet4+cet6+postgrad
more,adj.,多的、程度较大的、更大的,235883,0.562,life
more,adv.,多、更多、进一步,183647,0.438,life
mosaic,adj.,马赛克的、镶嵌细工的、拼花的,253,0.588,postgrad
mosaic,n.,马赛克、镶嵌细工、镶嵌工艺,150,0.349,postgrad
most,adv.,最、最多、极其,93245,0.638,life
most,adj.,大多数的、几乎全部的、最多的,53013,0.362,life
mould,n.,模子、模制品、松软沃土,1700,0.773,cet4+cet6+postgrad
mould,v.,形成、浇铸、用泥土覆盖,279,0.127,cet4+cet6+postgrad
move,v.,移动、开动、感动,45255,0.734,life
move,n.,移动、迁居、步骤,16393,0.266,life
much,adv.,多、甚、几乎,144397,0.551,life
much,adj.,很多的、重要的,117590,0.449,life
muddy,adj.,泥泞的、浑浊的、模糊的,1213,0.821,cet4+cet6
muddy,v.,使污浊、使沾上泥污,50,0.034,cet4+cet6
mug,n.,有柄大杯、脸、苦读者,1562,0.902,cet4+cet6+postgrad
mug,v.,给...拍照、攻击、苦读,121,0.070,cet4+cet6+postgrad
multiple,adj.,多样的、许多的、多功能的,2559,0.966,life+cet4+cet6+postgrad
multiple,n.,倍数、并联,53,0.020,life+cet4+cet6+postgrad
mute,adj.,哑的、无声的、沉默的,252,0.875,cet4+cet6+postgrad
mute,v.,减弱...的声音,27,0.094,cet4+cet6+postgrad
nail,n.,钉子、指甲,2115,0.696,cet4+cet6+postgrad
nail,v.,用钉钉牢、使固定、截住,870,0.286,cet4+cet6+postgrad
name,n.,名字、名称、姓名,78207,0.944,life
name,v.,命名、称呼、任命,4678,0.056,life
nap,n.,小睡、稍睡、细毛,769,0.918,cet4+cet6+postgrad
nap,v.,小睡、疏忽,34,0.041,cet4+cet6+postgrad
narrative,n.,叙述、故事,633,0.599,cet6+postgrad
narrative,adj.,叙述的、叙事的、故事体的,407,0.385,cet6+postgrad
narrow,adj.,狭窄的、仔细的、有限的,3243,0.914,life+cet4+cet6+postgrad
narrow,v.,变窄,266,0.075,life+cet4+cet6+postgrad
native,adj.,本国的、与生俱来的、自然的,2755,0.874,life+cet4+cet6+postgrad
native,n.,本地人、土产、当地人,294,0.093,life+cet4+cet6+postgrad
nearby,adj.,附近的、近旁的,2089,0.589,cet4+cet6+postgrad
nearby,adv.,在附近、近旁地,1457,0.411,cet4+cet6+postgrad
neat,adj.,整洁的、巧妙的、匀称的,1954,0.967,cet4+cet6+postgrad
neat,n.,牛,44,0.022,cet4+cet6+postgrad
need,v.,需要、必需,218261,0.923,life
need,n.,需要、必须、缺乏,16542,0.070,life
net,n.,网、网状物、罗网,4533,0.666,cet4+cet6+postgrad
net,adj.,净的、最终的,2169,0.319,cet4+cet6+postgrad
net,v.,用网捕、撒网、净赚,91,0.013,cet4+cet6+postgrad
next,adj.,下一个的、其次的、贴近的,147219,0.939,life
next,adv.,然后、下次、次于,1669,0.011,life
northeast,n.,东北,275,0.612,cet4+cet6+postgrad
northeast,adv.,向东北、来自东北,43,0.096,cet4+cet6+postgrad
note,n.,笔记、记录、注解,7317,0.865,life
note,v.,记录、注解、注意,1145,0.135,life
notice,v.,注意、通知、评论,6062,0.582,life+cet4+cet6+postgrad
notice,n.,注意、布告、通知,3957,0.380,life+cet4+cet6+postgrad
novel,n.,小说、长篇故事,5050,0.933,life+cet4+cet6+postgrad
novel,adj.,新奇的、异常的,350,0.065,life+cet4+cet6+postgrad
nutrient,adj.,营养的、滋养的,100,0.794,cet6
nutrient,n.,营养物、滋养物,25,0.198,cet6
object,n.,物体、目标、目的,5250,0.874,life+cet4+cet6+postgrad
object,v.,反对、抱反感,726,0.121,life+cet4+cet6+postgrad
objective,n.,目的、目标、宗旨,1202,0.758,cet4+cet6+postgrad
objective,adj.,客观的、如实的、无偏见的,369,0.233,cet4+cet6+postgrad
obscure,adj.,模糊的、昏暗的、难解的,3000,0.967,cet4+cet6+postgrad
obscure,v.,使变暗、隐藏、使变模糊,69,0.022,cet4+cet6+postgrad
offer,v.,提供、出价、奉献,10268,0.546,life+cet4+cet6+postgrad
offer,n.,给予(物)、出价、提议,8547,0.454,life+cet4+cet6+postgrad
official,adj.,公务的、官方的、正式的,5900,0.778,life+cet4+cet6+postgrad
official,n.,官员、公务员、职员,1529,0.202,life+cet4+cet6+postgrad
olive,adj.,黄绿色的、黄褐色的、橄榄色的,2980,0.766,cet6
olive,n.,橄榄、橄榄树、橄榄色,137,0.035,cet6
only,adv.,只有、仅仅、只能,163644,0.778,life
only,adj.,唯一的、仅有的、最佳的,46713,0.222,life
opaque,adj.,不透明的、不传热的、不传导的,155,0.807,cet6+postgrad
opaque,n.,不透明物,28,0.146,cet6+postgrad
open,adj.,开着的、开放的、开阔的,29499,0.564,life
open,v.,打开、公开、开放,17672,0.338,life
opposite,adj.,相对的、相反的、对面的,3613,0.521,cet4+cet6+postgrad
opposite,n.,对立面,2817,0.406,cet4+cet6+postgrad
order,n.,次序、规则、命令,24512,0.860,life
order,v.,命令、定货,1645,0.058,life
outlaw,n.,被剥夺法律保护的人、罪犯,194,0.513,cet6
outlaw,v.,使...失去法律保护、将...逐出社会、宣告非法,69,0.183,cet6
outline,n.,大纲、轮廓、概要,596,0.613,cet4+cet6+postgrad
outline,v.,描画轮廓、描述要点,376,0.386,cet4+cet6+postgrad
oval,adj.,卵形的、椭圆形的,311,0.398,cet4+cet6+postgrad
oval,n.,椭圆形,194,0.248,cet4+cet6+postgrad
overall,adj.,全部的、全体的、从头至尾的,6587,0.775,life+cet4+cet6+postgrad
overall,adv.,从头到尾、总的说来,1647,0.194,life+cet4+cet6+postgrad
overall,n.,罩衫、工作服,219,0.026,life+cet4+cet6+postgrad
overhaul,n.,分解检查、精细检查、大检修,531,0.749,postgrad
overhaul,v.,分解检查、翻修、精细检查,122,0.172,postgrad
overhead,n.,经常开支、普通用费、天花板,393,0.455,cet4+cet6+postgrad
overhead,adj.,在头上的、高架的,290,0.336,cet4+cet6+postgrad
overhead,adv.,在头顶上、在空中、在高处,175,0.203,cet4+cet6+postgrad
overnight,adj.,通宵的、晚上的、前夜的,4506,0.813,cet4+cet6+postgrad
overnight,adv.,在前一夜、整夜、昨晚一晚上,641,0.116,cet4+cet6+postgrad
overseas,adj.,海外的、国外的,1291,0.501,cet4+cet6+postgrad
overseas,adv.,在海外、在国外,1236,0.480,cet4+cet6+postgrad
overtime,n.,超时、加班、延长时间,363,0.635,cet4+cet6+postgrad
overtime,adv.,加班地,202,0.353,cet4+cet6+postgrad
own,adj.,自己的、嫡亲的、同胞的,100399,0.955,life
own,v.,拥有、支配、自认,4522,0.043,life
pack,n.,包裹、一伙、一副,6206,0.731,cet4+postgrad
pack,v.,包装、捆扎、塞满,2159,0.254,cet4+postgrad
package,n.,包裹、套装软件、包,4436,0.975,life+cet4+cet6+postgrad
package,v.,包装、打包,92,0.020,life+cet4+cet6+postgrad
paddle,n.,桨、划桨、明轮翼,750,0.700,postgrad
paddle,v.,划桨、戏水、涉水,231,0.216,postgrad
paint,n.,油漆、颜料、绘画作品,5920,0.580,life+cet4+postgrad
paint,v.,油漆、绘、画,3861,0.378,life+cet4+postgrad
pair,n.,一双、一对、一副,16086,0.975,life
pair,v.,(使)成对,393,0.024,life
pal,n.,朋友、伙伴、同志,1763,0.780,cet6
pal,v.,交友、结伴,32,0.014,cet6
pale,adj.,苍白的、暗淡的、无力的,1189,0.784,cet4+cet6+postgrad
pale,n.,栅栏、界线、范围,131,0.086,cet4+cet6+postgrad
pale,v.,变苍白、变暗、失色,63,0.042,cet4+cet6+postgrad
palm,n.,手掌、棕榈、胜利,1131,0.766,cet4+cet6+postgrad
palm,v.,与...握手、藏...于掌中,81,0.055,cet4+cet6+postgrad
panic,n.,恐慌、惊慌,3260,0.634,cet6+postgrad
panic,v.,使惊慌、使狂热,1877,0.365,cet6+postgrad
pant,n.,喘息、悸动,92,0.529,cet4+cet6+postgrad
pant,v.,喘息、渴望,28,0.161,cet4+cet6+postgrad
parachute,n.,降落伞,779,0.751,cet6+postgrad
parachute,v.,跳伞,65,0.063,cet6+postgrad
parallel,adj.,平行的、相似的,773,0.586,cet4+cet6+postgrad
parallel,n.,平行、对比、相匹敌之物,464,0.352,cet4+cet6+postgrad
parallel,v.,与...平行、与...相似、相比,42,0.032,cet4+cet6+postgrad
pass,v.,经过、越过、通过,13721,0.498,life
pass,n.,经过、要隘、途径,13496,0.490,life
past,adj.,过去的、结束的、卸任的,16267,0.408,life
past,n.,过去、昔时、往事,16007,0.401,life
paste,n.,面团、面食、浆糊,1551,0.930,cet4+cet6+postgrad
paste,v.,用浆糊粘、张贴、狠狠地打,71,0.043,cet4+cet6+postgrad
patient,n.,病人、承受者,7816,0.734,life+cet4+cet6+postgrad
patient,adj.,忍耐的、容忍的、有耐性的,2757,0.259,life+cet4+cet6+postgrad
pause,n.,暂停、中止、停顿,999,0.684,cet4+cet6+postgrad
pause,v.,暂停、中止、停顿,459,0.314,cet4+cet6+postgrad
paw,n.,爪,713,0.859,cet4+cet6+postgrad
paw,v.,以蹄扒地、用爪子抓、拼命抓,28,0.034,cet4+cet6+postgrad
pay,v.,支付、付清、补偿,41330,0.812,life
pay,n.,薪资、付款、补偿,9550,0.188,life
peak,n.,山峰、巅、山顶,2183,0.598,cet4+cet6+postgrad
peak,adj.,最高的、最大值的,319,0.087,cet4+cet6+postgrad
peak,v.,到达最高点、消瘦、变憔悴,230,0.063,cet4+cet6+postgrad
pedal,n.,踏板、脚蹬子,367,0.423,cet6+postgrad
pedal,adj.,脚的、脚踏的,337,0.388,cet6+postgrad
pedal,v.,用脚踏动,117,0.135,cet6+postgrad
pedestrian,adj.,人行的、徒步的、呆板的,278,0.706,cet6+postgrad
pedestrian,n.,行人、步行者,114,0.289,cet6+postgrad
peel,v.,削...皮、剥去...的壳,1001,0.467,cet4+cet6+postgrad
peel,n.,皮、外壳,412,0.192,cet4+cet6+postgrad
permit,n.,许可证、许可、执照,319,0.556,cet4+cet6+postgrad
permit,v.,允许、容许、可能,255,0.444,cet4+cet6+postgrad
pet,n.,宠物、受宠爱的人、宠坏的孩子,4353,0.753,cet4+cet6+postgrad
pet,adj.,宠爱的、表示亲昵的、养着观赏的,231,0.040,cet4+cet6+postgrad
petition,n.,请愿、诉状、陈情书,983,0.941,cet6+postgrad
petition,v.,正式请求、恳求、请愿,50,0.048,cet6+postgrad
phase,n.,时期、局面、方面,2643,0.946,cet4+cet6+postgrad
phase,v.,使调整相位、使定相、使一致,151,0.054,cet4+cet6+postgrad
phone,n.,电话、受话器、耳机,29056,0.930,life+cet4+postgrad
phone,v.,打电话给,1977,0.063,life+cet4+postgrad
pick,v.,摘、掘、凿,26786,0.913,life
pick,n.,精选、选择、掘,2564,0.087,life
pickle,n.,盐卤、腌汁、泡菜,685,0.747,cet6
pickle,v.,腌制、酸洗、葬送(机会等),103,0.112,cet6
picture,n.,图画、照片、景色,25651,0.952,life
picture,v.,画、拍摄、用图说明,620,0.023,life
pile,n.,堆、大堆、大厦,2929,0.851,cet4+cet6+postgrad
pile,v.,堆起、堆积、积累,502,0.146,cet4+cet6+postgrad
pin,n.,大头针、针、别针,2398,0.659,cet4+cet6+postgrad
pin,v.,将...用针别住、钉住、压住,780,0.214,cet4+cet6+postgrad
pinch,n.,捏、拧、撮,1387,0.676,cet4+cet6+postgrad
pinch,v.,捏、拧、掐,636,0.310,cet4+cet6+postgrad
pirate,n.,海盗、盗印者、侵犯专利权者,1131,0.458,cet6+postgrad
pirate,v.,盗印、掠夺、翻印,244,0.099,cet6+postgrad
pit,n.,深坑、矿井、果核,2532,0.793,cet4+cet6+postgrad
pit,v.,窖藏、使凹下、使有麻点,537,0.168,cet4+cet6+postgrad
pitch,n.,程度、坡度、顶点,7150,0.888,cet4+cet6+postgrad
pitch,v.,投、掷、向前倾跌,865,0.107,cet4+cet6+postgrad
place,n.,地方、地点、位置,117221,0.966,life
place,v.,放置、寄予、认出,3060,0.025,life
plague,v.,折磨、使苦恼、使得灾祸,935,0.855,cet6+postgrad
plague,n.,瘟疫、天罚、麻烦,30,0.027,cet6+postgrad
plain,adj.,简单的、明白的、平常的,3413,0.743,cet4+cet6+postgrad
plain,adv.,清楚地、显然地,480,0.104,cet4+cet6+postgrad
plain,n.,平原、草原、朴实无华的东西,425,0.093,cet4+cet6+postgrad
plan,n.,计划、方案、策略,26533,0.835,life
plan,v.,计划、设计、意欲,4214,0.133,life
plant,n.,植物、作物、工厂,11068,0.854,life
plant,v.,种植、栽培、播种,1313,0.101,life
plastic,n.,塑料、可塑体、可塑性物质,4158,0.759,life+cet4+cet6+postgrad
plastic,adj.,塑料的、塑造的、有可塑性的,1158,0.211,life+cet4+cet6+postgrad
play,v.,玩、游戏、假装,67930,0.689,life
play,n.,游戏、游玩、玩笑,27936,0.284,life
plenty,n.,充分、很多、丰富,17061,0.836,cet4+cet6+postgrad
plenty,adj.,很多的、足够的、丰富的,1227,0.060,cet4+cet6+postgrad
plot,n.,小块土地、地区图、图,4604,0.943,cet4+cet6+postgrad
plot,v.,划分、绘图、密谋,198,0.041,cet4+cet6+postgrad
plough,v.,用犁耕田、开路,338,0.382,cet4+cet6+postgrad
plough,n.,犁、犁过的地,218,0.247,cet4+cet6+postgrad
plug,n.,塞子、栓、插头,1163,0.599,cet4+cet6+postgrad
plug,v.,插入、塞住、接插头,749,0.385,cet4+cet6+postgrad
plump,v.,突然放下、支持、使丰满,460,0.576,cet6
plump,adj.,圆胖的、丰满的、直接下落的,245,0.307,cet6
plunder,v.,掠夺、抢劫、抢夺,121,0.621,cet6
plunder,n.,抢夺、掠夺品、战利品,68,0.349,cet6
plunge,n.,钻进、跳进、跳水,784,0.741,cet4+cet6+postgrad
plunge,v.,投入、投身于、跳进,256,0.242,cet4+cet6+postgrad
plural,adj.,复数的、两个以上的,149,0.760,cet4+cet6+postgrad
plural,n.,复数,28,0.143,cet4+cet6+postgrad
point,n.,点、小数点、标点,75844,0.939,life+cet4+cet6+postgrad
point,v.,弄尖、强调、指出,3587,0.044,life+cet4+cet6+postgrad
poke,v.,戳、捅、拨弄,439,0.592,cet4+cet6+postgrad
poke,n.,刺、戳、袋子,223,0.301,cet4+cet6+postgrad
Pole,n.,波兰人、极点、磁极,2292,0.551,cet4+cet6+postgrad
Pole,v.,用竿支撑,96,0.023,cet4+cet6+postgrad
poll,n.,投票、民意测验、选举投票,2894,0.918,life+cet4+cet6+postgrad
poll,v.,对...进行民意测验、获得...票、剪树枝,49,0.016,life+cet4+cet6+postgrad
pond,n.,池塘,2598,0.809,cet4+cet6+postgrad
pond,v.,筑成池塘,64,0.020,cet4+cet6+postgrad
pool,n.,池、水塘、石油层,6550,0.941,life+cet4+cet6+postgrad
pool,v.,合伙经营、共享、采掘,114,0.016,life+cet4+cet6+postgrad
pop,n.,砰然声、枪击、含气饮料,10748,0.598,cet4+cet6+postgrad
pop,v.,使发出爆裂声、开枪打、突然伸出,5807,0.323,cet4+cet6+postgrad
pop,adj.,流行的、热门的、通俗的,215,0.012,cet4+cet6+postgrad
pore,n.,毛孔、小孔、气孔,50,0.549,cet6
pore,v.,专心阅读、细想、钻研,32,0.352,cet6
position,n.,位置、地位、身分,28957,0.988,life+cet4+cet6+postgrad
position,v.,安置、决定...的位置,339,0.012,life+cet4+cet6+postgrad
pot,n.,盆、罐、壶,9785,0.842,cet4+cet6+postgrad
pot,v.,装入盆中、在锅中煮、随手射击,1400,0.120,cet4+cet6+postgrad
potential,adj.,有潜力的、可能的、潜在的,9849,0.640,life+cet4+cet6+postgrad
potential,n.,潜在性、可能性、潜力,5551,0.360,life+cet4+cet6+postgrad
pound,n.,磅、英镑、重击,6355,0.965,life+cet4+cet6+postgrad
pound,v.,强烈打击、捣烂、监禁,108,0.016,life+cet4+cet6+postgrad
practice,n.,实践、练习、实行,7637,0.916,life
practice,v.,实践、实行、练习,573,0.069,life
praise,n.,赞美、称赞、崇拜,1888,0.672,cet4+cet6+postgrad
praise,v.,称赞、赞美,626,0.223,cet4+cet6+postgrad
present,adj.,现在的、出席的,8652,0.539,life
present,n.,现在、礼品、瞄准,3801,0.237,life
present,v.,介绍、引见、赠送,3393,0.211,life
press,n.,压、揿、按,11328,0.719,life+cet4+cet6+postgrad
press,v.,压、压榨、紧抱,3018,0.192,life+cet4+cet6+postgrad
pretty,adv.,相当、颇,56146,0.877,life+cet4+cet6+postgrad
pretty,adj.,漂亮的、优美的、机灵的,2520,0.039,life+cet4+cet6+postgrad
prey,n.,被掠食者、牺牲者,3574,0.947,cet6+postgrad
prey,v.,捕食,174,0.046,cet6+postgrad
prick,n.,扎、一刺、刺痛,574,0.646,cet6+postgrad
prick,v.,刺、戳、刺痛,260,0.292,cet6+postgrad
primary,adj.,主要的、初期的、根本的,4946,0.976,life+cet4+cet6+postgrad
primary,n.,最主要者、原色,124,0.024,life+cet4+cet6+postgrad
principal,adj.,主要的、最重要的、首要的,880,0.513,cet4+cet6+postgrad
principal,n.,校长、首长、本金,835,0.487,cet4+cet6+postgrad
print,n.,打印、版、印刷物,3110,0.791,cet4+postgrad
print,v.,打印、印刷、铭记,810,0.206,cet4+postgrad
probe,n.,探索、调查、探针,565,0.743,cet6+postgrad
probe,v.,用探针探测、调查、探索,175,0.230,cet6+postgrad
process,n.,程序、进行、过程,21770,0.977,life+cet4+cet6+postgrad
process,v.,加工、使...接受处理、对...处置,481,0.022,life+cet4+cet6+postgrad
produce,v.,产生、生产、提出,8561,0.842,life+cet4+cet6+postgrad
produce,n.,生产品、物产、后代,1601,0.158,life+cet4+cet6+postgrad
professional,adj.,专业的、职业的,9169,0.930,life+cet4+cet6+postgrad
professional,n.,专业人才,353,0.036,life+cet4+cet6+postgrad
profile,n.,侧面、轮廓、传略,3103,0.950,cet6+postgrad
profile,v.,描绘...轮廓、写...的传略,48,0.015,cet6+postgrad
profit,n.,利润、赢利、利益,18747,0.982,life+cet4+cet6+postgrad
profit,v.,有益、获利、赚钱,336,0.018,life+cet4+cet6+postgrad
program,n.,节目、节目单、程序,406,0.912,life+cet4+cet6
program,v.,规划、拟...计划,20,0.045,life+cet4+cet6
programme,n.,节目、节目单、程序,30786,0.964,postgrad
programme,v.,规划、拟...计划,440,0.014,postgrad
progress,n.,进步、发展、前进,8448,0.881,life+cet4+cet6+postgrad
progress,v.,进步、进行,885,0.092,life+cet4+cet6+postgrad
project,n.,计划、设计、事业,16339,0.923,life+cet4+cet6+postgrad
project,v.,计划、设计、投掷,452,0.026,life+cet4+cet6+postgrad
promise,v.,允诺、约定、预示,6971,0.560,life+cet4+cet6+postgrad
promise,n.,诺言、约定的事情、有指望,4326,0.348,life+cet4+cet6+postgrad
prompt,adj.,迅速的、敏捷的、立刻的,146,0.537,cet4+cet6+postgrad
prompt,v.,激励、鼓动、提示,124,0.456,cet4+cet6+postgrad
protest,n.,抗议、反对、抗议书,3603,0.823,cet4+cet6+postgrad
protest,v.,反对、抗议、断言,721,0.165,cet4+cet6+postgrad
public,adj.,公众的、公共的、公立的,39617,0.707,life+cet4+cet6+postgrad
public,n.,公众、民众,14536,0.259,life+cet4+cet6+postgrad
pull,v.,拉、拖、拔,16067,0.915,life
pull,n.,拉、拖、拔,1401,0.080,life
pump,n.,抽水机、打气筒、泵,1440,0.556,cet4+cet6+postgrad
pump,v.,用唧筒抽水、打气、盘问,1056,0.408,cet4+cet6+postgrad
punch,n.,打洞器、钻孔机、冲压机,2472,0.590,cet4+cet6+postgrad
punch,v.,以拳重击、开洞、冲压,922,0.220,cet4+cet6+postgrad
purchase,n.,购买、购买品、紧握,3005,0.792,cet4+cet6+postgrad
purchase,v.,购买、赢得、努力取得,708,0.187,cet4+cet6+postgrad
push,v.,推、推动、使伸出,12090,0.723,life
push,n.,推、推动、奋斗,4583,0.274,life
puzzle,n.,难题、迷惑,1572,0.923,cet4+cet6+postgrad
puzzle,v.,使困惑、使为难,50,0.029,cet4+cet6+postgrad
quality,n.,品质、特性、才能,19506,0.952,life+cet4+cet6+postgrad
quality,adj.,优质的,398,0.019,life+cet4+cet6+postgrad
queer,n.,怪人、同性恋者,258,0.746,cet4+cet6+postgrad
queer,adj.,奇怪的、不舒服的、可疑的,22,0.064,cet4+cet6+postgrad
queer,v.,搞糟,22,0.064,cet4+cet6+postgrad
question,n.,问题、询问,76499,0.944,life
question,v.,询问、审问、怀疑,2229,0.027,life
queue,n.,辫子、一队人、队列,2013,0.831,cet4+cet6+postgrad
queue,v.,使排队、将...梳成辫子,343,0.142,cet4+cet6+postgrad
quick,adj.,快的、迅速的、敏捷的,23072,0.850,life
quick,adv.,快,1919,0.071,life
quiet,adj.,安静的、静止的、寂静的,13495,0.932,life
quiet,n.,安静、闲适、平静,246,0.017,life
quiver,n.,震动、颤抖、箭袋,77,0.694,cet6+postgrad
quiver,v.,颤抖、振动,25,0.225,cet6+postgrad
quiz,n.,考查、课堂测验、恶作剧,6907,0.916,cet4+cet6+postgrad
quiz,v.,戏弄、考查、恶作剧,292,0.039,cet4+cet6+postgrad
quote,n.,引用,1646,0.582,cet4+cet6+postgrad
quote,v.,引述、举证、报(价),1171,0.414,cet4+cet6+postgrad
rack,n.,架、行李架、饲草架,1050,0.810,cet4+cet6+postgrad
rack,v.,把...放在架上、在架上制作、折磨,179,0.138,cet4+cet6+postgrad
rage,n.,愤怒、情绪激动、狂暴,1284,0.933,cet4+cet6+postgrad
rage,v.,大怒、狂吹、流行,92,0.067,cet4+cet6+postgrad
raid,n.,袭击、突袭、搜捕,1842,0.880,cet4+cet6+postgrad
raid,v.,奇袭、搜捕,202,0.097,cet4+cet6+postgrad
rain,n.,雨、下雨、雨天,23577,0.966,life
rain,v.,下雨,807,0.033,life
raise,v.,升起、举起、唤起,14066,0.977,life
raise,n.,上升、高地、增高,315,0.022,life
rake,n.,耙子、钱耙、斜度,282,0.561,cet4+cet6+postgrad
rake,v.,搜索、掠过、(用耙子)耙,163,0.324,cet4+cet6+postgrad
rally,n.,重振旗鼓、集合、群众集会,1248,0.712,cet6+postgrad
rally,v.,重整旗鼓、集合、恢复精神,272,0.155,cet6+postgrad
ramble,v.,漫步、漫谈、漫游,56,0.514,cet6
ramble,n.,漫步、随笔,40,0.367,cet6
range,n.,排、行、山脉,11937,0.943,life+cet4+cet6+postgrad
range,v.,排列、归类于、使并列,359,0.028,life+cet4+cet6+postgrad
rank,n.,等级、排、横列,1223,0.761,cet4+cet6+postgrad
rank,v.,排列、归类于、把...分等,192,0.119,cet4+cet6+postgrad
rank,adj.,茂密丛生的、恶臭的、十足的,57,0.035,cet4+cet6+postgrad
rash,n.,皮疹,655,0.794,cet6+postgrad
rash,adj.,轻率的、匆忙的、鲁莽的,143,0.173,cet6+postgrad
rat,n.,鼠、卑鄙的人、破坏者,3028,0.894,cet4+cet6+postgrad
rat,v.,捕鼠、变节,87,0.026,cet4+cet6+postgrad
rate,n.,比率、率、速度,13813,0.976,life+cet4+cet6+postgrad
rate,v.,估价、认为、鉴定等级,288,0.020,life+cet4+cet6+postgrad
reach,v.,到达、达到、伸出,11429,0.874,life+cet4+cet6+postgrad
reach,n.,伸出、延伸、区域,1599,0.122,life+cet4+cet6+postgrad
read,v.,读、阅读、理解,26719,0.961,life
read,n.,读取、阅读,759,0.027,life
rear,adj.,后面的、背面的、后方的,2005,0.578,cet4+cet6+postgrad
rear,n.,后面、背后、后方,1384,0.399,cet4+cet6+postgrad
rebel,n.,叛徒、反叛者,1724,0.956,cet4+cet6+postgrad
rebel,adj.,造反的、反抗的,80,0.044,cet4+cet6+postgrad
recall,v.,回想、回忆、召回,1965,0.819,life+cet4+cet6+postgrad
recall,n.,回忆、召回、撤消,433,0.181,life+cet4+cet6+postgrad
record,n.,记录、履历、档案,23126,0.881,life+cet4+cet6+postgrad
record,v.,记录、记载、标明,2089,0.080,life+cet4+cet6+postgrad
red,adj.,红的、红色的、红肿的,34256,0.667,life
red,n.,红色、红颜料、赤字,7733,0.151,life
reel,n.,卷轴、一卷、纺车,389,0.529,cet4+cet6+postgrad
reel,v.,卷...于轴上、绕、使旋转,217,0.295,cet4+cet6+postgrad
referee,n.,仲裁人、调解人、裁判员,6342,0.965,cet6+postgrad
referee,v.,仲裁、裁判,114,0.017,cet6+postgrad
reform,n.,改革、改正、改造,7057,0.814,life+cet4+cet6+postgrad
reform,v.,改革、改过、革新,1180,0.136,life+cet4+cet6+postgrad
refrain,n.,重复的话、叠句、副歌,131,0.580,cet6+postgrad
refrain,v.,节制、避免、克制,95,0.420,cet6+postgrad
refund,n.,偿还,745,0.780,postgrad
refund,v.,付还、偿还借款,207,0.217,postgrad
refuse,v.,拒绝、谢绝,1868,0.880,life+cet4+cet6+postgrad
refuse,n.,废物,227,0.107,life+cet4+cet6+postgrad
regard,n.,关心、注意、尊敬,1929,0.621,cet4+cet6+postgrad
regard,v.,视为、注意、考虑,1172,0.377,cet4+cet6+postgrad
register,n.,寄存器、记录、登记簿,1427,0.548,cet4+cet6+postgrad
register,v.,记录、注册、提示,895,0.343,cet4+cet6+postgrad
regret,v.,为...感到遗憾、后悔、惋惜,2770,0.748,cet4+cet6+postgrad
regret,n.,遗憾、后悔、悔恨,927,0.250,cet4+cet6+postgrad
rein,v.,驾驭、以缰绳控制、控制,279,0.554,cet4+cet6+postgrad
rein,n.,缰绳、统治、支配,224,0.444,cet4+cet6+postgrad
relative,adj.,有关系的、相对的、比较的,2315,0.982,cet4+cet6+postgrad
relative,n.,亲戚、关系词,29,0.012,cet4+cet6+postgrad
relay,n.,驿马、替班、中继,918,0.730,cet6+postgrad
relay,v.,分程传递、转播、使接替,146,0.116,cet6+postgrad
release,n.,释放、发泄、豁免,4200,0.519,life+cet4+cet6+postgrad
release,v.,释放、解除、放松,3575,0.441,life+cet4+cet6+postgrad
relish,v.,调味、喜欢、玩味,305,0.531,postgrad
relish,n.,滋味、风味、美味,269,0.469,postgrad
remark,n.,评论、注意,528,0.936,cet4+cet6+postgrad
remark,v.,评论、注意,36,0.064,cet4+cet6+postgrad
remedy,n.,药物、治疗法、治疗,485,0.791,cet4+cet6+postgrad
remedy,v.,治疗、补救、矫正,107,0.175,cet4+cet6+postgrad
remnant,n.,剩余、零料、遗迹,101,0.771,cet6+postgrad
remnant,adj.,剩余的、残余的,25,0.191,cet6+postgrad
render,v.,回报、给于、付给,224,0.582,cet4+cet6+postgrad
render,n.,交纳、打底,156,0.405,cet4+cet6+postgrad
rent,n.,租金、房租、出租物,3320,0.487,cet4+cet6+postgrad
rent,v.,租用、租出,3298,0.484,cet4+cet6+postgrad
repair,n.,修理、补救、修复,1438,0.533,cet4+cet6+postgrad
repair,v.,修理、修补、补救,1246,0.461,cet4+cet6+postgrad
repeal,v.,废止、撤消、放弃,119,0.583,cet6
repeal,n.,废止、撤消,85,0.417,cet6
repeat,v.,重做、重复、复述,2454,0.599,life+cet4+cet6+postgrad
repeat,n.,重复、反复,1641,0.400,life+cet4+cet6+postgrad
reply,n.,答复、回答、答辩,1359,0.713,cet4+cet6+postgrad
reply,v.,答复、回答、回击,518,0.272,cet4+cet6+postgrad
report,n.,报告、报道、传说,19667,0.795,life
report,v.,报告、汇报、转述,3402,0.138,life
representative,n.,代表、众议员、典型,1349,0.812,life+cet4+cet6+postgrad
representative,adj.,描写的、表现的、代理的,275,0.166,life+cet4+cet6+postgrad
reproach,n.,责备、耻辱,53,0.697,cet4+cet6+postgrad
reproach,v.,责备、申斥、使丢脸,20,0.263,cet4+cet6+postgrad
reptile,n.,爬行动物、爬虫、卑鄙的人,264,0.575,cet6+postgrad
reptile,adj.,爬行的、爬虫类的、卑鄙的,128,0.279,cet6+postgrad
republican,adj.,共和政体的、共和国的、共和主义的,1361,0.641,life+cet4+cet6+postgrad
republican,n.,共和主义者、共和党员,145,0.068,life+cet4+cet6+postgrad
request,n.,请求、需要、申请书,1966,0.842,cet4+cet6+postgrad
request,v.,请求、要求、邀请,308,0.132,cet4+cet6+postgrad
rescue,n.,援救、解救、营救,7719,0.807,cet4+cet6+postgrad
rescue,v.,援救、救出、营救,1847,0.193,cet4+cet6+postgrad
research,n.,研究、调查、考察,11260,0.898,life+cet4+cet6+postgrad
research,v.,研究、调查,212,0.017,life+cet4+cet6+postgrad
reserve,n.,储备品、贮量、后备军,7604,0.886,cet4+cet6+postgrad
reserve,v.,保留、保存、预订,257,0.030,cet4+cet6+postgrad
resident,n.,居民、常驻程序、居住者,1696,0.932,life+cet4+cet6+postgrad
resident,adj.,居留的、定居的,104,0.057,life+cet4+cet6+postgrad
resistant,adj.,抵抗的、反抗的、耐...的,400,0.749,cet4+cet6+postgrad
resistant,n.,抵抗者、反抗者,134,0.251,cet4+cet6+postgrad
resolute,adj.,坚决的、刚毅的、毅然的,143,0.722,cet6+postgrad
resolute,n.,果断的人,30,0.152,cet6+postgrad
resolve,v.,决定、分解、决心,1736,0.815,cet4+cet6+postgrad
resolve,n.,决定之事、决心、坚决,391,0.184,cet4+cet6+postgrad
resort,n.,度假胜地、手段、凭借,2211,0.847,cet4+cet6+postgrad
resort,v.,诉诸、常去,243,0.093,cet4+cet6+postgrad
respect,n.,尊敬、尊重、问候,9272,0.778,life+cet4+cet6+postgrad
respect,v.,尊敬、注意、遵守,2646,0.222,life+cet4+cet6+postgrad
rest,n.,休息、睡眠、安息,34919,0.914,life
rest,v.,休息、睡、长眠,3269,0.086,life
result,n.,结果、成绩、答案,22416,0.958,life+cet4+cet6+postgrad
result,v.,产生、结果、致使,974,0.042,life+cet4+cet6+postgrad
retail,adj.,零售的,2529,0.818,cet4+cet6+postgrad
retail,n.,零售,260,0.084,cet4+cet6+postgrad
retail,v.,零售、详述、传播,70,0.023,cet4+cet6+postgrad
retreat,n.,休息寓所、撤退、隐居,1186,0.738,cet4+cet6+postgrad
retreat,v.,撤退、隐退、向后倾,408,0.254,cet4+cet6+postgrad
retrospective,adj.,回顾的、怀旧的、在后面的,139,0.602,postgrad
retrospective,n.,回顾展,84,0.364,postgrad
return,n.,回来、返回、来回票,8755,0.535,life
return,v.,返回、归还、回来,7605,0.465,life
revenge,n.,报仇、复仇、报复,2004,0.958,cet4+cet6+postgrad
revenge,v.,报仇、报复,76,0.036,cet4+cet6+postgrad
reverse,v.,使颠倒、使逆转、使倒退,1331,0.469,cet4+cet6+postgrad
reverse,n.,相反、背面、倒退,1086,0.382,cet4+cet6+postgrad
reverse,adj.,反面的、相反的、反向的,354,0.125,cet4+cet6+postgrad
review,n.,检讨、复习、回顾,7960,0.756,life+cet4+cet6+postgrad
review,v.,温习、检讨、评论,1276,0.121,life+cet4+cet6+postgrad
revolutionary,adj.,革命的、革命性的,1373,0.815,cet4+cet6+postgrad
revolutionary,n.,革命者、革命党人,164,0.097,cet4+cet6+postgrad
reward,n.,报酬、酬谢、赏金,2219,0.815,cet4+cet6+postgrad
reward,v.,奖赏、酬谢、给...应有报应,502,0.184,cet4+cet6+postgrad
ride,n.,骑马、乘坐、乘车,7470,0.620,life
ride,v.,骑、乘坐、压迫,4472,0.371,life
ridicule,n.,嘲笑、愚弄、笑柄,99,0.467,cet6
ridicule,v.,嘲笑、嘲弄、愚弄,81,0.382,cet6
rifle,n.,来复枪、步枪,630,0.754,cet4+cet6+postgrad
rifle,v.,用步枪射击、抢夺,42,0.050,cet4+cet6+postgrad
right,adv.,正确地、以有利结果、一直,238061,0.513,life
right,n.,权利、右边、正义,121381,0.262,life
right,adj.,正确的、对的、恰当的,102153,0.220,life
ring,n.,环、环形物、拳击场,11939,0.712,life
ring,v.,包围、套住、按铃,4531,0.270,life
rinse,v.,以清水冲洗、漱、漂清,180,0.474,cet6
rinse,n.,清洗、染发、染发剂,157,0.413,cet6
rip,v.,被拉开、裂开、猛冲,1436,0.468,cet6+postgrad
rip,n.,裂痕、破绽、拉裂,808,0.263,cet6+postgrad
rise,n.,上升、增加、上涨,7327,0.599,life+cet4+cet6+postgrad
rise,v.,升起、起身、起立,4898,0.401,life+cet4+cet6+postgrad
risk,n.,冒险、危险、保险额,16731,0.860,life+cet4+cet6+postgrad
risk,v.,冒...的危险、冒险干,2624,0.135,life+cet4+cet6+postgrad
rival,n.,对手、竞争者,1472,0.490,cet4+cet6+postgrad
rival,adj.,竞争的,1331,0.443,cet4+cet6+postgrad
rock,n.,岩石、岩礁、石头,15946,0.765,life+cet4+cet6+postgrad
rock,v.,摇摆、摇动、使摇晃,1028,0.049,life+cet4+cet6+postgrad
roll,n.,卷、滚动、名单,8021,0.552,life+cet4+cet6+postgrad
roll,v.,滚、滚动、飘流,4529,0.312,life+cet4+cet6+postgrad
root,n.,根、根本、根源,2429,0.886,life+cet4+cet6+postgrad
root,v.,使扎根、使固定、根除,312,0.114,life+cet4+cet6+postgrad
roundabout,n.,迂回路线,857,0.799,cet6+postgrad
roundabout,adj.,迂回的、委婉的,47,0.044,cet6+postgrad
rouse,v.,唤醒、鼓舞、激动,80,0.533,cet4+cet6+postgrad
rouse,n.,觉醒、奋起、干杯,33,0.220,cet4+cet6+postgrad
routine,adj.,日常的、常规的,3365,0.679,cet4+cet6+postgrad
routine,n.,常规、日常工作、惯例,1587,0.320,cet4+cet6+postgrad
row,n.,排、行、街道,10259,0.900,life+cet4+cet6+postgrad
row,v.,使成排、划、划船,509,0.045,life+cet4+cet6+postgrad
rub,v.,擦、搓、摩擦,1503,0.627,cet4+cet6+postgrad
rub,n.,摩擦、困难、障碍,821,0.342,cet4+cet6+postgrad
rule,n.,规则、统治、控制,6163,0.654,life+cet4+cet6+postgrad
rule,v.,规定、统治、管理,2489,0.264,life+cet4+cet6+postgrad
run,v.,跑、奔跑、跑步,43767,0.709,life
run,n.,跑、赛跑、奔跑,13600,0.220,life
rupture,n.,破裂、断裂、裂开,162,0.669,cet6
rupture,v.,(使)破裂,78,0.322,cet6
rush,n.,匆促、冲进、急流,3500,0.631,life+cet4+cet6+postgrad
rush,v.,冲、奔、闯,1697,0.306,life+cet4+cet6+postgrad
rust,n.,锈、生锈、衰退,286,0.662,cet4+cet6+postgrad
rust,v.,生锈、衰退,89,0.206,cet4+cet6+postgrad
sack,n.,麻布袋、洗劫,1978,0.973,cet4+cet6+postgrad
sack,v.,把...装入袋、洗劫,35,0.017,cet4+cet6+postgrad
sacrifice,n.,牺牲、供奉、祭品,1456,0.668,cet4+cet6+postgrad
sacrifice,v.,牺牲、祭祀、贱卖,708,0.325,cet4+cet6+postgrad
saddle,n.,鞍、马鞍、车座,989,0.803,cet4+cet6+postgrad
saddle,v.,装以马鞍、使负担,121,0.098,cet4+cet6+postgrad
sail,n.,帆、篷、帆船,1515,0.509,cet4+cet6+postgrad
sail,v.,航行、启航、张帆而行,1282,0.431,cet4+cet6+postgrad
salute,n.,招呼、敬礼、礼炮,432,0.456,cet4+cet6+postgrad
salute,v.,行礼、致意、问候,432,0.456,cet4+cet6+postgrad
sanction,n.,核准、制裁、处罚,192,0.698,cet6+postgrad
sanction,v.,制定制裁规则、认可、核准,75,0.273,cet6+postgrad
savage,n.,原始人、粗鲁人,602,0.445,cet6+postgrad
savage,adj.,未开化的、野蛮的、无礼的,197,0.145,cet6+postgrad
savage,v.,用暴力对付、凶猛攻击,48,0.035,cet6+postgrad
saw,v.,锯、锯开、来回移动,49394,0.971,cet4+cet6+postgrad
saw,n.,锯子、谚语,1375,0.027,cet4+cet6+postgrad
scale,n.,刻度、衡量、比例,10041,0.960,life+cet4+cet6+postgrad
scale,v.,依比例决定、攀登、测量,305,0.029,life+cet4+cet6+postgrad
scare,v.,惊吓、使恐慌,2089,0.695,cet4+cet6+postgrad
scare,n.,惊吓、恐慌,803,0.267,cet4+cet6+postgrad
scatter,v.,散布、散播、消散,264,0.547,cet4+cet6+postgrad
scatter,n.,消散、分散、散播,157,0.325,cet4+cet6+postgrad
scent,n.,气味、香味、香水,1105,0.515,cet4+cet6+postgrad
scent,v.,闻出、嗅、发觉,47,0.022,cet4+cet6+postgrad
schedule,n.,时间表、一览表、计划表,2145,0.950,cet4+cet6+postgrad
schedule,v.,预定、编制目录、制...表,91,0.040,cet4+cet6+postgrad
school,n.,学校、鱼群、门派,50902,0.891,life
school,v.,教育、训练、培养,1060,0.019,life
scorch,n.,烧焦、枯萎,24,0.421,cet6
scorch,v.,烧焦、拷焦、(使)枯萎,21,0.368,cet6
score,n.,得分、抓痕、二十个,13522,0.624,life+cet4+cet6+postgrad
score,v.,刻划、划线、获得,8131,0.376,life+cet4+cet6+postgrad
scout,n.,守候、侦察、搜索,565,0.488,cet4+cet6+postgrad
scout,v.,守候、侦察、巡视,150,0.130,cet4+cet6+postgrad
scramble,v.,攀缘、杂乱蔓延、争夺,307,0.478,cet6+postgrad
scramble,n.,攀缘、爬行、抢夺,294,0.458,cet6+postgrad
scrap,n.,碎片、残余物、些微,1933,0.697,cet6+postgrad
scrap,v.,扔弃、敲碎、拆毁,840,0.303,cet6+postgrad
scrape,v.,刮掉、擦掉、刮出刺耳声,618,0.761,cet4+cet6+postgrad
scrape,n.,刮、擦、挖,189,0.233,cet4+cet6+postgrad
scratch,n.,抓痕、搔、抓,2548,0.520,cet4+cet6+postgrad
scratch,v.,搔、抓、挖出,1279,0.261,cet4+cet6+postgrad
scream,v.,尖叫、大笑、尖啸,1427,0.637,cet4+cet6+postgrad
scream,n.,尖叫声,470,0.210,cet4+cet6+postgrad
screen,n.,幕、银幕、屏风,7984,0.963,life+cet4+cet6+postgrad
screen,v.,掩蔽、放映、拍摄,123,0.015,life+cet4+cet6+postgrad
screw,v.,调节、扭紧、旋,1203,0.526,cet4+cet6+postgrad
screw,n.,螺旋、螺杆、螺钉,900,0.394,cet4+cet6+postgrad
seal,n.,印章、封条、海豹,2257,0.583,cet4+cet6+postgrad
seal,v.,封闭、盖印、盖章,1222,0.316,cet4+cet6+postgrad
search,n.,搜寻、查究,10869,0.837,life+cet4+cet6+postgrad
search,v.,搜寻、搜查、探求,1932,0.149,life+cet4+cet6+postgrad
seaside,n.,海滨,2809,0.939,cet6+postgrad
seaside,adj.,海边的、海滨的,30,0.010,cet6+postgrad
second,adj.,第二的、其次的、次要的,73550,0.896,life
second,n.,秒、瞬间、第二名,2477,0.030,life
secret,adj.,秘密的、极机密的、隐蔽的,9831,0.570,life+cet4+cet6+postgrad
secret,n.,秘密、机密、秘诀,7097,0.412,life+cet4+cet6+postgrad
secure,v.,固定、获得、保证,3014,0.537,cet4+cet6+postgrad
secure,adj.,无虑的、安心的、安全的,2546,0.454,cet4+cet6+postgrad
select,v.,选择、挑选,1144,0.351,life+cet4+cet6+postgrad
select,adj.,挑选出来的、极好的,1003,0.308,life+cet4+cet6+postgrad
sell,v.,卖、背叛、销售,32087,0.961,life
sell,n.,卖、推销术、失望,1296,0.039,life
sense,n.,感应、感觉、感官,32922,0.953,life+cet4+cet6+postgrad
sense,v.,感觉、觉察、检测,1633,0.047,life+cet4+cet6+postgrad
separate,adj.,分开的、各别的、单独的,7178,0.845,life+cet4+cet6+postgrad
separate,v.,分开、隔开、分居,1298,0.153,life+cet4+cet6+postgrad
serial,adj.,连续的、一连串的、连载的,798,0.841,postgrad
serial,n.,分期连载作品、连载小说,150,0.158,postgrad
set,v.,放、安置、放置,54820,0.726,life
set,n.,日落、同伙、组合,19470,0.258,life
shadow,n.,阴影、荫、影子,3868,0.616,life+cet4+cet6+postgrad
shadow,v.,遮蔽、使朦胧、预示,104,0.017,life+cet4+cet6+postgrad
shaft,n.,轴、箭杆、矛,743,0.918,cet6+postgrad
shaft,v.,装杆于、利用,26,0.032,cet6+postgrad
shake,v.,摇动、动摇、使震动,4152,0.547,life+cet4+cet6+postgrad
shake,n.,摇动、震动,2030,0.268,life+cet4+cet6+postgrad
shape,n.,形状、形态、外形,14723,0.920,life+cet4+cet6+postgrad
shape,v.,定形、使成形、塑造,1054,0.066,life+cet4+cet6+postgrad
share,v.,均分、分担、分享,9935,0.588,life+cet4+cet6+postgrad
share,n.,部分、参与、一份,6953,0.411,life+cet4+cet6+postgrad
shatter,v.,打碎、使散开、粉碎,188,0.814,cet6+postgrad
shatter,n.,碎片、粉碎、落叶,22,0.095,cet6+postgrad
shear,v.,修剪、割、剥夺,130,0.628,cet4+cet6+postgrad
shear,n.,修剪、剪下的东西、大剪刀,65,0.314,cet4+cet6+postgrad
sheer,adj.,绝对的、全然的、纯粹的,2395,0.950,cet6+postgrad
sheer,n.,偏航,103,0.041,cet6+postgrad
shell,n.,贝壳、壳、外形,3929,0.795,cet4+cet6+postgrad
shell,v.,去壳、脱落、炮轰,150,0.030,cet4+cet6+postgrad
shepherd,n.,牧羊人、牧羊犬、牧师,849,0.540,cet4+cet6+postgrad
shepherd,v.,看守、领导、指导,45,0.029,cet4+cet6+postgrad
shield,n.,盾、防卫物、保护者,994,0.788,cet4+cet6+postgrad
shield,v.,保护、遮蔽、屏蔽,162,0.128,cet4+cet6+postgrad
shift,n.,变化、移动、轮班,3977,0.723,life+cet4+cet6+postgrad
shift,v.,替换、转移、改变,1493,0.271,life+cet4+cet6+postgrad
ship,n.,船、舰,11286,0.960,life
ship,v.,以船运送、装船、运送,315,0.027,life
shiver,n.,战栗、碎块,117,0.312,cet4+cet6+postgrad
shiver,v.,颤抖、哆嗦、被打碎,91,0.243,cet4+cet6+postgrad
shock,n.,震动、冲突、震惊,8201,0.957,cet4+cet6+postgrad
shock,v.,使震动、使休克、使受电击,372,0.043,cet4+cet6+postgrad
shoot,v.,射击、射中、损毁,4799,0.705,life+cet4+cet6+postgrad
shoot,n.,射击、狩猎、芽,1932,0.284,life+cet4+cet6+postgrad
shop,n.,商店、工厂、车间,20575,0.904,life
shop,v.,购物、到处寻找,1064,0.047,life
shore,n.,海岸、海滨、斜撑柱,2271,0.859,cet4+cet6+postgrad
shore,v.,把...送上岸、支撑、支持,174,0.066,cet4+cet6+postgrad
short,adj.,短的、近的、矮的,24792,0.923,life
short,adv.,简短地、突然,1593,0.059,life
shot,n.,发射、炮弹、射击,23147,0.730,life+cet4+cet6+postgrad
shot,v.,装弹、使成颗粒状,8382,0.264,life+cet4+cet6+postgrad
shoulder,n.,肩、肩膀、衣肩,5338,0.914,life+cet4+cet6+postgrad
shoulder,v.,肩负、负担、担任,467,0.080,life+cet4+cet6+postgrad
show,n.,显示、表现、展览,60578,0.506,life
show,v.,表示、显示、展现,49364,0.413,life
shriek,n.,尖锐的响声,67,0.554,cet4+cet6
shriek,v.,尖叫、发尖声,37,0.306,cet4+cet6
shrimp,n.,虾、小虾、矮子,746,0.877,cet6
shrimp,v.,捕小虾,28,0.033,cet6
shy,adj.,胆怯的、畏缩的、迟疑的,3442,0.910,cet4+cet6+postgrad
shy,v.,惊退、乱投、乱掷,316,0.084,cet4+cet6+postgrad
sick,adj.,不舒服、有病的、恶心的,11267,0.976,life
sick,n.,病人,155,0.013,life
sideways,adv.,向旁边、向侧面地,789,0.856,cet4+cet6+postgrad
sideways,adj.,旁边的、向侧面的,109,0.118,cet4+cet6+postgrad
sign,n.,符号、招牌、征兆,12705,0.667,life+cet4+cet6+postgrad
sign,v.,签名、打手势表达,6275,0.329,life+cet4+cet6+postgrad
signal,n.,信号、暗号、近因,3188,0.881,cet4+cet6+postgrad
signal,v.,向...作信号、标志、用信号通知,337,0.093,cet4+cet6+postgrad
silver,n.,银、银币、银器,18441,0.887,cet4+cet6+postgrad
silver,adj.,银的、银制的、银器的,2059,0.099,cet4+cet6+postgrad
simple,adj.,简单的、普通的、朴素的,21990,0.926,life
simple,n.,出身低微者、傻子,1753,0.074,life
sink,n.,藏垢的场所、沟渠、污水槽,2074,0.563,cet4+cet6+postgrad
sink,v.,下沉、沉没、下陷,1594,0.433,cet4+cet6+postgrad
sip,n.,啜饮、小口喝、抿,312,0.722,postgrad
sip,v.,啜饮,107,0.248,postgrad
siren,n.,女海妖、妖女、警报器,350,0.628,cet6+postgrad
siren,adj.,诱惑的,63,0.113,cet6+postgrad
skate,n.,溜冰、冰鞋,339,0.414,cet4+cet6+postgrad
skate,v.,滑冰、滑过,335,0.409,cet4+cet6+postgrad
ski,n.,滑雪橇,974,0.639,cet4+cet6+postgrad
ski,v.,滑雪,280,0.184,cet4+cet6+postgrad
skip,v.,跳越、跳读、跳绳,2439,0.957,cet6+postgrad
skip,n.,跳跃、跳读,45,0.018,cet6+postgrad
slack,n.,松弛、松懈、淡季,506,0.792,cet6+postgrad
slack,adj.,松弛的、不流畅的、疏忽的,81,0.127,cet6+postgrad
slack,v.,放松、使缓慢,41,0.064,cet6+postgrad
slander,n.,中伤、诽谤,60,0.652,cet6
slander,v.,中伤、诽谤,20,0.217,cet6
slang,n.,俚语,487,0.661,cet6
slang,v.,辱骂、用俚语说,43,0.058,cet6
slap,n.,掴、掌击、侮辱,1926,0.961,cet6+postgrad
slap,v.,拍击、惩罚,32,0.016,cet6+postgrad
sleep,v.,睡觉、睡眠、静止,12865,0.726,life
sleep,n.,睡眠、静止、昏迷,4477,0.253,life
sleeve,n.,袖子、套管,1475,0.962,cet4+cet6+postgrad
sleeve,v.,缝上袖子,22,0.014,cet4+cet6+postgrad
slice,n.,薄的切片、一部分、菜刀,2225,0.707,cet4+cet6+postgrad
slice,v.,切成薄片、切下,908,0.289,cet4+cet6+postgrad
slide,n.,滑、滑道、山崩,1859,0.622,cet4+cet6+postgrad
slide,v.,使滑动、偷偷放入,1079,0.361,cet4+cet6+postgrad
slip,v.,滑动、滑倒、失足,2394,0.553,life+cet4+cet6+postgrad
slip,n.,滑、滑行、事故,1862,0.430,life+cet4+cet6+postgrad
slit,n.,裂缝、投币口、狭长裂口,148,0.474,cet4+cet6+postgrad
slit,v.,切开、扯裂、使有狭缝,147,0.471,cet4+cet6+postgrad
slow,adj.,慢的、缓慢的、迟缓的,9603,0.743,life
slow,v.,(使)慢下来,2972,0.230,life
smash,v.,打碎、粉碎、击溃,1579,0.657,cet4+cet6+postgrad
smash,n.,打碎、粉碎、打碎时哗啦声,748,0.311,cet4+cet6+postgrad
smile,n.,微笑、喜色、笑容,7106,0.684,life
smile,v.,微笑、觉得好笑,2950,0.284,life
smooth,adj.,平滑的、平稳的、流畅的,4056,0.881,cet4+cet6+postgrad
smooth,v.,使光滑、烫平、使平和,277,0.060,cet4+cet6+postgrad
snap,n.,猛咬、猛扑、劈啪声,1267,0.474,cet4+cet6+postgrad
snap,v.,使突然中断、猛咬、争夺,1020,0.381,cet4+cet6+postgrad
snap,adj.,突然的、装搭扣的,105,0.039,cet4+cet6+postgrad
sneak,v.,鬼鬼祟祟做事,1130,0.685,cet6+postgrad
sneak,n.,鬼鬼祟祟的人、偷偷摸摸的行为、帆布胶底运动鞋,422,0.256,cet6+postgrad
sneer,v.,嘲笑、冷笑,57,0.553,cet6
sneer,n.,冷笑、嘲笑,33,0.320,cet6
sneeze,v.,打喷嚏,354,0.603,cet6+postgrad
sneeze,n.,喷嚏,195,0.332,cet6+postgrad
sniff,v.,嗅、蔑视、嗤之以鼻,1381,0.918,cet6+postgrad
sniff,n.,以鼻吸气、嗅、气息,97,0.064,cet6+postgrad
snore,v.,打鼾,148,0.708,cet6
snore,n.,鼾声、打鼾,49,0.234,cet6
sock,n.,短袜、鞋垫、一击,987,0.841,cet4+cet6+postgrad
sock,v.,重击、猛投、给...穿袜,178,0.152,cet4+cet6+postgrad
sole,adj.,唯一的、仅有的、单独的,1199,0.686,cet4+cet6+postgrad
sole,n.,脚掌、鞋底、底部,401,0.229,cet4+cet6+postgrad
solo,n.,独奏、独唱、单独表演,2454,0.879,cet6+postgrad
solo,adj.,单独的、独奏的、独唱的,127,0.045,cet6+postgrad
sorrow,n.,悲伤、哀惜、不幸,557,0.758,cet4+cet6+postgrad
sorrow,v.,悲伤、懊悔、遗憾,42,0.057,cet4+cet6+postgrad
sort,n.,种类、方式、品质,70968,0.864,life+cet4+cet6+postgrad
sort,v.,分类、排序、挑选,11076,0.135,life+cet4+cet6+postgrad
sound,n.,声音、语音、吵闹,14841,0.504,life
sound,v.,发出声音、回响、测深,8987,0.305,life
sound,adj.,健全的、可靠的、合理的,5064,0.172,life
sour,adj.,酸的、酸臭的、发酵的,1748,0.926,cet4+cet6+postgrad
sour,v.,变酸、发酵、厌烦,30,0.016,cet4+cet6+postgrad
southeast,n.,东南、东南地区,246,0.500,cet4+cet6+postgrad
southeast,adj.,东南的、向东南的、来自东南的,58,0.118,cet4+cet6+postgrad
southwest,adj.,西南的、来自西南方的,322,0.597,cet4+cet6+postgrad
southwest,n.,西南、西南方、西南地区,113,0.210,cet4+cet6+postgrad
span,n.,指距、全长、跨距,614,0.791,cet4+cet6+postgrad
span,v.,以手指测量、跨越、架设,150,0.193,cet4+cet6+postgrad
spear,n.,矛、枪、持矛者,411,0.777,cet4+cet6+postgrad
spear,v.,用矛刺,32,0.060,cet4+cet6+postgrad
specialist,n.,专门医师、专家,4748,0.925,cet4+cet6+postgrad
specialist,adj.,专业的、专家的,356,0.069,cet4+cet6+postgrad
specific,adj.,特殊的、明确的、具有特效的,5849,0.975,life+cet4+cet6+postgrad
specific,n.,特效药、特性,150,0.025,life+cet4+cet6+postgrad
speed,n.,速率、速度、迅速,14573,0.885,life+cet4+cet6+postgrad
speed,v.,加速、超速、快进,1893,0.115,life+cet4+cet6+postgrad
spell,n.,符咒、魅力、轮值,2508,0.604,cet4+cet6+postgrad
spell,v.,拼写、拼成、琢磨,1602,0.386,cet4+cet6+postgrad
spill,n.,溢出、溅出、摔下,855,0.560,cet4+cet6+postgrad
spill,v.,使溢出、使散落、洒,672,0.440,cet4+cet6+postgrad
spin,n.,旋转、自旋、疾驰,2815,0.540,cet4+cet6+postgrad
spin,v.,纺织、纺、使旋转,2329,0.447,cet4+cet6+postgrad
spiritual,adj.,精神上的、神圣的、崇高的,1801,0.927,cet4+cet6+postgrad
spiritual,n.,有关教会的事,115,0.059,cet4+cet6+postgrad
spit,v.,唾吐、吐出、降小雨,750,0.518,cet4+cet6+postgrad
spit,n.,唾液、唾吐、小雨,628,0.434,cet4+cet6+postgrad
splash,n.,飞溅、污点、一点儿,1582,0.584,cet4+cet6+postgrad
splash,v.,溅湿、溅开、飞溅,656,0.242,cet4+cet6+postgrad
split,v.,分离、分开、裂开,5744,0.662,cet4+cet6+postgrad
split,n.,劈开、裂片、裂缝,2804,0.323,cet4+cet6+postgrad
spoil,v.,损坏、破坏、溺爱,1375,0.876,cet4+cet6+postgrad
spoil,n.,战利品、赃物、奖品,160,0.102,cet4+cet6+postgrad
sponge,n.,海绵、海绵状的东西,2264,0.849,cet4+cet6+postgrad
sponge,v.,用海绵擦拭、吸收掉、抹掉,58,0.022,cet4+cet6+postgrad
sponsor,n.,保证人、赞助者、发起者,404,0.589,cet4+cet6+postgrad
sponsor,v.,发起、赞助、倡议,267,0.389,cet4+cet6+postgrad
spoon,n.,匙、调羹、匙形工具,3291,0.829,cet4+cet6+postgrad
spoon,v.,以匙舀起、调情、使成匙状,245,0.062,cet4+cet6+postgrad
spot,n.,污点、地点、斑点,16151,0.803,life+cet4+cet6+postgrad
spot,v.,点缀、玷污、认出,3734,0.186,life+cet4+cet6+postgrad
spread,v.,展开、铺开、传播,5970,0.708,life+cet4+cet6+postgrad
spread,n.,传播、散布、伸展,2431,0.288,life+cet4+cet6+postgrad
spring,n.,春天、弹簧、跳跃,8554,0.876,life
spring,v.,跳、弹跳、涌出,504,0.052,life
spy,n.,间谍、侦探、侦察,1759,0.623,cet4+cet6+postgrad
spy,v.,侦察、找出、发现,648,0.229,cet4+cet6+postgrad
square,n.,正方形、街区、广场,4592,0.378,cet4+cet6+postgrad
square,adj.,正方形的、正直的、公正的,3076,0.253,cet4+cet6+postgrad
square,v.,一致、符合、结清,594,0.049,cet4+cet6+postgrad
squash,n.,挤压、压碎的东西、南瓜属植物,1123,0.664,cet6
squash,v.,压扁、镇压、压制,385,0.228,cet6
squeeze,v.,紧握、挤、榨取,2284,0.501,cet4+cet6+postgrad
squeeze,n.,紧握、挤、榨,2215,0.485,cet4+cet6+postgrad
squirrel,n.,松鼠、松鼠毛皮,1337,0.770,cet4+cet6+postgrad
squirrel,v.,贮藏,28,0.016,cet4+cet6+postgrad
stable,adj.,稳定的、安定的、坚固的,3818,0.940,cet4+cet6+postgrad
stable,n.,马房、牛棚,239,0.059,cet4+cet6+postgrad
stage,n.,阶段、舞台、场所,30295,0.973,life+cet4+cet6+postgrad
stage,v.,上演、表演、筹划,469,0.015,life+cet4+cet6+postgrad
stagger,v.,蹒跚、犹豫,76,0.547,cet6+postgrad
stagger,n.,蹒跚、踌躇,37,0.266,cet6+postgrad
stake,n.,桩、炮烙刑、木柱,3569,0.948,cet4+cet6+postgrad
stake,v.,打桩、用桩撑、下赌注,188,0.050,cet4+cet6+postgrad
stalk,n.,茎、追踪、高视阔步,307,0.649,cet6+postgrad
stalk,v.,悄悄靠近、蹑手蹑脚地走近、蔓延,147,0.311,cet6+postgrad
stammer,n.,口吃、结巴,162,0.651,cet6
stammer,v.,口吃、结结巴巴地说,28,0.112,cet6
stand,v.,站、立、坐落,28843,0.813,life
stand,n.,站立、站住、停顿,6646,0.187,life
standard,n.,标准、规格、旗,5315,0.504,life+cet4+cet6+postgrad
standard,adj.,标准的、合规格的,4383,0.415,life+cet4+cet6+postgrad
staple,n.,主要产物、常用品、主要要素,499,0.852,postgrad
staple,adj.,主要的、重要的,65,0.111,postgrad
star,n.,星、恒星、星形物,17572,0.794,life
star,v.,以星状物装饰、用星号标、使成为明星,291,0.013,life
start,v.,开始、出发、启动,81550,0.687,life
start,n.,惊起、出发、开端,36507,0.307,life
state,n.,州、状态、情形,26023,0.768,life+cet4+cet6+postgrad
state,v.,说明、陈述、规定,417,0.012,life+cet4+cet6+postgrad
stay,v.,制止、延缓、坚持,41759,0.846,life
stay,n.,停留、逗留、制止,1952,0.040,life
steep,adj.,险峻的、陡峭的、急剧升降的,1957,0.957,cet4+cet6+postgrad
steep,n.,浸渍、悬崖,28,0.014,cet4+cet6+postgrad
steer,v.,引导、驾驶、航行,1149,0.950,cet4+cet6+postgrad
steer,n.,驾驶指示、劝告,26,0.021,cet4+cet6+postgrad
stem,n.,茎、干、柄,1131,0.774,cet4+cet6+postgrad
stem,v.,摘掉茎、装柄于、阻止,314,0.215,cet4+cet6+postgrad
step,n.,步骤、步、步幅,17020,0.682,life+cet4+cet6+postgrad
step,v.,踏、以步测量、跨步,7928,0.318,life+cet4+cet6+postgrad
stick,v.,插进、刺入、钉住,12402,0.590,life+cet4+cet6+postgrad
stick,n.,棍、棒、刺,6855,0.326,life+cet4+cet6+postgrad
stiff,adj.,坚硬的、严厉的、呆板的,1593,0.859,cet4+cet6+postgrad
stiff,n.,死尸、醉鬼、钞票,77,0.042,cet4+cet6+postgrad
stitch,n.,一针、疼痛、针法,445,0.559,cet4+cet6+postgrad
stitch,v.,缝、缝合、装订,285,0.358,cet4+cet6+postgrad
stock,n.,树干、祖先、血统,8142,0.899,life+cet4+cet6+postgrad
stock,v.,装把手于、进货、备有,284,0.031,life+cet4+cet6+postgrad
stomach,n.,胃、食欲、欲望,3541,0.926,cet4+cet6+postgrad
stomach,v.,吃下、忍受,243,0.064,cet4+cet6+postgrad
stoop,v.,弯下、屈从、弯腰,115,0.516,cet4+cet6+postgrad
stoop,n.,佝偻、屈从、弯腰,60,0.269,cet4+cet6+postgrad
stop,v.,停止、被塞住,56472,0.788,life
stop,n.,停止、车站、逗留,11273,0.157,life
store,n.,商店、贮藏、仓库,7261,0.842,life
store,v.,储存、贮藏、供给,1138,0.132,life
stout,n.,矮胖子、烈性啤酒,280,0.737,cet6
stout,adj.,结实的、矮胖的、勇敢的,46,0.121,cet6
stove,n.,火炉、窑,849,0.908,cet4+cet6+postgrad
stove,v.,用火炉烤,27,0.029,cet4+cet6+postgrad
straight,adv.,直接地、立即、不断地,21560,0.595,life
straight,adj.,直的、笔直的、正直的,14135,0.390,life
strain,n.,紧张、拉紧、张力,1764,0.881,cet4+cet6+postgrad
strain,v.,使劳累、拉紧、过分使用,212,0.106,cet4+cet6+postgrad
strap,n.,带、皮带,518,0.616,cet4+cet6+postgrad
strap,v.,(用皮带)捆扎,209,0.249,cet4+cet6+postgrad
straw,n.,稻草、麦管、吸管,2116,0.706,cet4+cet6+postgrad
straw,adj.,稻草的、稻草色的、琐碎的,74,0.025,cet4+cet6+postgrad
stray,adj.,迷途的、偶然的,442,0.638,cet6
stray,v.,迷路、彷徨、流浪,217,0.313,cet6
stress,n.,压力、紧迫、强调,3979,0.830,life+cet4+cet6+postgrad
stress,v.,加压力于、着重、重读,813,0.170,life+cet4+cet6+postgrad
stretch,n.,伸展、张开、连绵,2699,0.553,life+cet4+cet6+postgrad
stretch,v.,伸展、张开、曲解,1887,0.387,life+cet4+cet6+postgrad
stretch,adj.,可伸缩的、弹性的,51,0.010,life+cet4+cet6+postgrad
strike,n.,罢工、打击、殴打,7540,0.699,life+cet4+cet6+postgrad
strike,v.,打、撞击、冲击,3245,0.301,life+cet4+cet6+postgrad
string,n.,线、细绳、一串,3206,0.888,cet4+cet6+postgrad
string,v.,串起、成串、收紧,196,0.054,cet4+cet6+postgrad
strip,n.,长条、条状、带,1742,0.638,cet4+cet6+postgrad
strip,v.,脱衣、被剥去、剥夺,663,0.243,cet4+cet6+postgrad
structure,n.,结构、构造、建筑物,5900,0.987,life+cet4+cet6+postgrad
structure,v.,构成、组织,76,0.013,life+cet4+cet6+postgrad
struggle,n.,斗争、努力、奋斗,4463,0.619,life+cet4+cet6+postgrad
struggle,v.,努力、奋斗、挣扎,2722,0.378,life+cet4+cet6+postgrad
study,n.,学习、研究、学科,5374,0.654,life
study,v.,学习、读书、研究,2702,0.329,life
stuff,n.,原料、要素、东西,48365,0.979,life+cet4+cet6+postgrad
stuff,v.,装填,798,0.016,life+cet4+cet6+postgrad
stumble,v.,使绊倒、使困惑,333,0.684,cet4+cet6+postgrad
stumble,n.,绊倒、蹒跚而行、失足,152,0.312,cet4+cet6+postgrad
stun,v.,使昏迷、使震惊、打昏,255,0.489,cet6+postgrad
stun,n.,昏迷、猛击,237,0.454,cet6+postgrad
subject,n.,科目、主题、臣民,7544,0.677,life
subject,adj.,服从的、易患...的、隶属的,3528,0.317,life
submarine,n.,潜水艇、海底生物,1006,0.851,cet4+cet6+postgrad
submarine,adj.,海中的、生长在海中的,100,0.085,cet4+cet6+postgrad
substitute,n.,代理、代理人、代用品,912,0.856,cet4+cet6+postgrad
substitute,v.,代替,79,0.074,cet4+cet6+postgrad
substitute,adj.,代替的、代用的、代用品的,33,0.031,cet4+cet6+postgrad
suck,v.,吸、吮、吸入,1335,0.778,cet4+cet6+postgrad
suck,n.,吸、吸入、吮吸,266,0.155,cet4+cet6+postgrad
suit,n.,套装、诉讼、请求,6032,0.773,life+cet4+cet6+postgrad
suit,v.,适合、使适应,1735,0.222,life+cet4+cet6+postgrad
sum,n.,总数、总和、金额,2723,0.784,cet4+cet6+postgrad
sum,v.,总计、概括,711,0.205,cet4+cet6+postgrad
supplement,v.,补充、增补,215,0.481,cet4+cet6+postgrad
supplement,n.,补充物、增刊、补充,213,0.477,cet4+cet6+postgrad
supply,n.,补给、供给、供应品,4598,0.763,life+cet4+cet6+postgrad
supply,v.,补给、供给、提供,1379,0.229,life+cet4+cet6+postgrad
support,n.,支持、支撑、援助,24782,0.637,life+cet4+cet6+postgrad
support,v.,支援、支撑、帮助,14135,0.363,life+cet4+cet6+postgrad
sure,adj.,确信、必然的、必定的,110856,0.881,life
sure,adv.,当然、确实地、无疑地,13921,0.111,life
surface,n.,面、表面、水面,8466,0.978,life
surface,v.,使成平面、使浮出水面,147,0.017,life
surge,n.,巨涌、汹涌、澎湃,1134,0.935,cet6+postgrad
surge,v.,汹涌、澎湃、颠簸,70,0.058,cet6+postgrad
surplus,n.,剩余、过剩、盈余,784,0.934,cet4+cet6+postgrad
surplus,adj.,过剩的、剩余的,55,0.066,cet4+cet6+postgrad
surprise,n.,惊奇、奇袭、诧异,14935,0.830,life
surprise,v.,使惊奇、撞见、奇袭,1956,0.109,life
surrender,v.,交出、放弃、使投降,719,0.626,cet4+cet6+postgrad
surrender,n.,交出、放弃、投降,430,0.374,cet4+cet6+postgrad
survey,n.,纵览、视察、测量,3586,0.929,life+cet4+cet6+postgrad
survey,v.,审视、视察、俯瞰,166,0.043,life+cet4+cet6+postgrad
suspect,v.,怀疑、猜想,4923,0.668,cet4+cet6+postgrad
suspect,n.,被怀疑者、嫌疑犯,1619,0.220,cet4+cet6+postgrad
suspect,adj.,令人怀疑的、不可信的、可疑的,699,0.095,cet4+cet6+postgrad
swallow,v.,咽、淹没、吞没,1438,0.930,cet4+cet6+postgrad
swallow,n.,燕子、吞咽、喉,55,0.036,cet4+cet6+postgrad
swamp,v.,淹没、击溃、清除,579,0.891,cet4+cet6+postgrad
swamp,n.,沼泽、进退两难的困境,43,0.066,cet4+cet6+postgrad
swan,n.,天鹅、天鹅星座、有才华的诗人,1617,0.834,cet4+cet6+postgrad
swan,v.,闲荡、蜿蜒而行,51,0.026,cet4+cet6+postgrad
swarm,n.,群、大群、蜂群,272,0.766,cet4+cet6+postgrad
swarm,v.,分群、群集、聚集一块,72,0.203,cet4+cet6+postgrad
sway,v.,摇动、支配、弄歪,681,0.925,cet4+cet6+postgrad
sway,n.,摇摆、影响力、支配,27,0.037,cet4+cet6+postgrad
swear,v.,发誓、咒骂、使宣誓,3504,0.964,cet4+cet6+postgrad
swear,n.,诅咒、誓言,98,0.027,cet4+cet6+postgrad
sweat,n.,汗、汗水、水珠,1624,0.694,cet4+cet6+postgrad
sweat,v.,出汗、渗出、冒出水气,688,0.294,cet4+cet6+postgrad
sweet,adj.,甜的、芳香的、悦耳的,17305,0.902,life
sweet,n.,甜蜜、糖果、情人,687,0.036,life
swell,n.,增大、隆起的部分、巨浪,516,0.614,cet4+cet6+postgrad
swell,v.,增大、膨胀、肿胀,315,0.375,cet4+cet6+postgrad
swift,adj.,迅速的、快的、敏捷的,684,0.461,cet4+cet6+postgrad
swift,n.,褐雨燕、快速爬行的小蜥蜴、蝙蝠蛾,157,0.106,cet4+cet6+postgrad
swing,n.,摇摆、振幅、音律,3837,0.666,cet4+cet6+postgrad
swing,v.,摇摆、悬挂、旋转,1862,0.323,cet4+cet6+postgrad
switch,v.,转变、切换、摆动,3174,0.671,cet4+cet6+postgrad
switch,n.,开关、电闸、转换,1537,0.325,cet4+cet6+postgrad
taboo,n.,禁忌、禁止接近、禁止使用,229,0.836,postgrad
taboo,adj.,禁忌的、忌讳的,30,0.109,postgrad
tag,n.,标签、附属物、碎片,2537,0.856,cet4+cet6+postgrad
tag,v.,附以签条、尾随、添饰,295,0.100,cet4+cet6+postgrad
tail,n.,尾部、后部、辫子,5485,0.971,cet4+cet6+postgrad
tail,adj.,在后面的、从后面而来的、限定继承的,73,0.013,cet4+cet6+postgrad
tailor,n.,裁缝、成衣匠,368,0.527,cet4+cet6+postgrad
tailor,v.,缝制、制作、使适应,124,0.178,cet4+cet6+postgrad
talk,v.,讲话、演讲、说话,49469,0.747,life
talk,n.,谈话、交谈、会谈,16668,0.252,life
tan,n.,黄褐色、鞣料、马戏团,1529,0.661,cet4+cet6+postgrad
tan,v.,晒成棕褐色,63,0.027,cet4+cet6+postgrad
tan,adj.,黄褐色的、鞣皮的,31,0.013,cet4+cet6+postgrad
tangle,n.,缠结、纠结的一团、困惑,214,0.746,cet6+postgrad
tangle,v.,使缠结、缠住,40,0.139,cet6+postgrad
tape,n.,带子、录音带、磁带,4260,0.964,life+cet4+cet6+postgrad
tape,v.,以带子绑起、测量、录音,127,0.029,life+cet4+cet6+postgrad
target,n.,目标、靶子、指标,11729,0.899,life+cet4+cet6+postgrad
target,v.,对准、订指标,1236,0.095,life+cet4+cet6+postgrad
taste,n.,味道、品味、味觉,12242,0.686,cet4+cet6+postgrad
taste,v.,尝、察觉...的味道、体会,5591,0.314,cet4+cet6+postgrad
tease,v.,戏弄、取笑、强求,480,0.646,cet6+postgrad
tease,n.,揶揄、戏弄、逗惹,237,0.319,cet6+postgrad
telephone,n.,电话、电话机,3846,0.912,life
telephone,v.,打电话,78,0.019,life
temper,n.,(钢等的)硬度、脾气、心情,1047,0.846,cet4+cet6+postgrad
temper,v.,使回火、锻炼、调和,113,0.091,cet4+cet6+postgrad
tender,n.,照料、看管人、供应船,2061,0.897,cet4+cet6+postgrad
tender,adj.,嫩的、柔软的、脆弱的,136,0.059,cet4+cet6+postgrad
tender,v.,使变嫩、提供、偿还,62,0.027,cet4+cet6+postgrad
tentative,adj.,试验性的、暂时的,297,0.928,cet6+postgrad
tentative,n.,试验,22,0.069,cet6+postgrad
terminal,n.,终端机、终点、末端,891,0.805,cet4+cet6+postgrad
terminal,adj.,终点的、定期的、致死的,55,0.050,cet4+cet6+postgrad
test,n.,测试、试验、化验,18455,0.805,life+cet4+cet6+postgrad
test,v.,测试、试验、化验,3957,0.173,life+cet4+cet6+postgrad
thrill,n.,震颤、激动、刺激性,1274,0.877,cet4+cet6+postgrad
thrill,v.,震颤、颤抖、激动,146,0.100,cet4+cet6+postgrad
thrust,n.,插、戳、刺,748,0.685,cet4+cet6+postgrad
thrust,v.,插入、猛推、刺,325,0.298,cet4+cet6+postgrad
tick,v.,滴答响、活动,2049,0.713,cet4+cet6+postgrad
tick,n.,滴答声、一瞬间、壁虱,766,0.267,cet4+cet6+postgrad
tickle,n.,胳肢、痒,563,0.361,cet6
tickle,v.,胳肢、使发痒、使快乐,532,0.341,cet6
tidy,adj.,整齐的、有条理的,1956,0.501,cet4+cet6+postgrad
tidy,v.,弄整齐、收拾、整理,1196,0.306,cet4+cet6+postgrad
tidy,n.,椅子的背罩、装杂物的容器,413,0.106,cet4+cet6+postgrad
tie,n.,带子、线、鞋带,5098,0.665,life+cet4+cet6+postgrad
tie,v.,系、打结、扎,2485,0.324,life+cet4+cet6+postgrad
tight,adj.,紧的、密封的、吝啬的,9606,0.883,cet4+cet6+postgrad
tight,adv.,紧紧地,1226,0.113,cet4+cet6+postgrad
tilt,n.,倾斜、倾向、船篷,326,0.497,cet6+postgrad
tilt,v.,使倾斜、使倾侧、用帆布篷遮盖,310,0.473,cet6+postgrad
tip,n.,顶、尖端、梢,5407,0.754,life+cet4+cet6+postgrad
tip,v.,装顶端、使倾斜、使翻倒,1211,0.169,life+cet4+cet6+postgrad
tonight,n.,今晚、今夜,30256,0.533,life
tonight,adv.,今晚、今夜,16673,0.294,life
top,adj.,最高的、顶上的、头等的,42720,0.481,life+cet4+cet6+postgrad
top,n.,顶部、顶端、极点,40499,0.456,life+cet4+cet6+postgrad
top,v.,盖、加以顶、高达,1347,0.015,life+cet4+cet6+postgrad
total,adj.,全体的、总的、全然的,10010,0.528,life+cet4+cet6+postgrad
total,n.,总数、全体、合计,8663,0.457,life+cet4+cet6+postgrad
touch,n.,触觉、碰、触,17044,0.671,life+cet4+cet6+postgrad
touch,v.,接触、触摸、触及,7932,0.312,life+cet4+cet6+postgrad
tour,n.,旅游、观光旅行、任期,10058,0.861,life+cet4+cet6+postgrad
tour,v.,旅行、周游、巡回,365,0.031,life+cet4+cet6+postgrad
track,n.,轨迹、足迹、径迹,13501,0.837,life+cet4+cet6+postgrad
track,v.,循路而行、追踪、通过,2408,0.149,life+cet4+cet6+postgrad
trade,n.,贸易、商业、交易,11203,0.814,life+cet4+cet6+postgrad
trade,v.,进行交易、做买卖、经商,1333,0.097,life+cet4+cet6+postgrad
trail,n.,踪迹、痕迹、一串,3396,0.902,life+cet4+cet6+postgrad
trail,v.,拖、尾随、追踪,130,0.035,life+cet4+cet6+postgrad
train,n.,火车、列车、行列,15501,0.809,life
train,v.,训练、教育、对准,3091,0.161,life
transfer,n.,迁移、移动、传递,2442,0.663,cet4+cet6+postgrad
transfer,v.,使转移、调转、调任,1222,0.332,cet4+cet6+postgrad
transient,adj.,短暂的、易变的、瞬变的,76,0.679,cet6+postgrad
transient,n.,瞬、短期居留者、过境鸟,30,0.268,cet6+postgrad
transplant,n.,移居者、移植,1244,0.936,cet4+cet6+postgrad
transplant,v.,使移居、移植、使迁移,57,0.043,cet4+cet6+postgrad
transport,n.,运输、运输工具、激动,6165,0.735,cet4+cet6+postgrad
transport,v.,传送、运输、流放,866,0.103,cet4+cet6+postgrad
trash,n.,垃圾、废物,729,0.764,postgrad
trash,v.,丢弃,162,0.170,postgrad
travel,v.,旅行、行进、移动,7003,0.526,life
travel,n.,旅行、游历、行进,6163,0.463,life
traverse,v.,横过、穿过、经过,58,0.374,cet6
traverse,n.,越过、横贯、横断物,36,0.232,cet6
tread,v.,踏、行走、交尾,749,0.937,cet6
tread,n.,踏、步态、梯级,46,0.058,cet6
treat,v.,视为、对待、论述,5963,0.530,life+cet4+cet6+postgrad
treat,n.,宴请、款待,5231,0.465,life+cet4+cet6+postgrad
tremble,v.,战栗、忧虑、摇晃,105,0.669,cet4+cet6+postgrad
tremble,n.,战栗、颤抖,28,0.178,cet4+cet6+postgrad
trick,n.,诡计、欺诈、谋略,7940,0.935,cet4+cet6+postgrad
trick,v.,愚弄、欺骗、装饰,515,0.061,cet4+cet6+postgrad
trigger,n.,触发器、扳机,891,0.577,cet6+postgrad
trigger,v.,触发、发射、引起,589,0.382,cet6+postgrad
trim,v.,使整齐、整理、修剪,636,0.570,cet4+cet6+postgrad
trim,adj.,整齐的,471,0.422,cet4+cet6+postgrad
triple,adj.,三倍的,1410,0.770,cet6+postgrad
triple,v.,使增至三倍,67,0.037,cet6+postgrad
trot,n.,快步,479,0.594,cet6
trot,v.,快步走、小跑,281,0.348,cet6
trumpet,n.,喇叭、小号、喇叭声,1103,0.835,cet4+cet6+postgrad
trumpet,v.,吹喇叭,56,0.042,cet4+cet6+postgrad
trust,n.,信任、信赖、相信,7288,0.347,life+cet4+cet6+postgrad
trust,v.,信赖、信任、相信,7062,0.336,life+cet4+cet6+postgrad
try,v.,试、尝试、试验,81599,0.910,life
try,n.,尝试、试验、审理,8056,0.090,life
tune,n.,歌曲、主旋律、心情,5550,0.900,cet4+cet6+postgrad
tune,v.,为...调音、调整、调谐,503,0.082,cet4+cet6+postgrad
turn,v.,使旋转、转弯、转动,36851,0.653,life
turn,n.,转弯、转动、旋转,19583,0.347,life
tutor,n.,家庭教师、导师、助教,493,0.890,cet4+cet6+postgrad
tutor,v.,当...的教师、教、指导,44,0.079,cet4+cet6+postgrad
twin,n.,双胞胎中一人、一对非常相像的人(或物)中的一个,1562,0.759,cet4+cet6+postgrad
twin,adj.,双胞胎的、成对的、孪生的,249,0.121,cet4+cet6+postgrad
twist,n.,一扭、扭曲、曲折,4329,0.850,cet4+cet6+postgrad
twist,v.,拧、扭、捻,763,0.150,cet4+cet6+postgrad
tyre,n.,轮胎,1180,0.872,cet4+cet6
tyre,v.,装轮胎于,29,0.021,cet4+cet6
underestimate,v.,低估、看轻,824,0.930,cet6+postgrad
underestimate,n.,低估,41,0.046,cet6+postgrad
undergraduate,n.,大学本科生、大学肄业生,72,0.581,cet4+cet6+postgrad
undergraduate,adj.,大学生的,52,0.419,cet4+cet6+postgrad
uniform,n.,制服,2184,0.743,cet4+cet6+postgrad
uniform,adj.,统一的、一律的、始终如一的,739,0.252,cet4+cet6+postgrad
unknown,adj.,不知道的、未知的、陌生的,1896,0.698,cet4+cet6
unknown,n.,未知物、未知数,820,0.302,cet4+cet6
upgrade,n.,上坡、升级、上升,411,0.498,cet6+postgrad
upgrade,v.,使升级、提升、改良品种,381,0.462,cet6+postgrad
upset,adj.,弄翻的、混乱的、心烦的,5047,0.507,cet4+cet6+postgrad
upset,v.,弄翻、颠覆、推翻,4464,0.448,cet4+cet6+postgrad
upstairs,n.,楼层,7260,0.634,cet4+cet6+postgrad
upstairs,adv.,在楼上、向楼上、处于更高地位,2941,0.257,cet4+cet6+postgrad
upward,adj.,向上的,162,0.625,cet4+cet6+postgrad
upward,adv.,以上,96,0.371,cet4+cet6+postgrad
urge,v.,驱策、力劝、竭力主张,1016,0.655,cet4+cet6+postgrad
urge,n.,冲动、推动力、迫切的要求,532,0.343,cet4+cet6+postgrad
use,v.,使用、利用、运用,57772,0.779,life
use,n.,使用、习惯、使用价值,14841,0.200,life
vacuum,n.,真空、空间、真空吸尘器,1397,0.956,cet4+cet6+postgrad
vacuum,v.,用吸尘器打扫,46,0.031,cet4+cet6+postgrad
value,n.,价值、价格、购买力,18819,0.924,life+cet4+cet6+postgrad
value,v.,评价、估价、重视,1204,0.059,life+cet4+cet6+postgrad
vegetable,n.,蔬菜、植物、无精打采之人,2972,0.966,life
vegetable,adj.,蔬菜的、植物的,63,0.020,life
vegetarian,adj.,素食的,744,0.574,postgrad
vegetarian,n.,素食者、食草动物,526,0.406,postgrad
venture,n.,冒险、风险,1296,0.762,cet4+cet6+postgrad
venture,v.,敢于、冒...的危险,334,0.196,cet4+cet6+postgrad
verse,n.,诗、韵文、诗句,444,0.443,cet6+postgrad
verse,v.,用诗表达,67,0.067,cet6+postgrad
veteran,n.,老手、退伍军人、老兵,1075,0.802,cet4+cet6+postgrad
veteran,adj.,老兵的、老练的、经验丰富的,256,0.191,cet4+cet6+postgrad
veto,n.,否决权,625,0.734,cet6+postgrad
veto,v.,否决、禁止,224,0.263,cet6+postgrad
video,n.,影像、电视,6438,0.888,life+cet4+cet6+postgrad
video,adj.,图像的、电视的,495,0.068,life+cet4+cet6+postgrad
view,n.,视野、风景、见解,27220,0.924,life+cet4+cet6+postgrad
view,v.,看、考虑、视察,1466,0.050,life+cet4+cet6+postgrad
visit,n.,拜访、访问、游览,9470,0.544,life
visit,v.,拜访、访问、参观,7884,0.453,life
vocal,adj.,嗓音的、声音的、有声的,1211,0.862,cet6+postgrad
vocal,n.,元音、声乐作品,167,0.119,cet6+postgrad
voice,n.,声音、嗓音、嗓子,14388,0.926,life+cet4+cet6+postgrad
voice,v.,表达、吐露、调音,240,0.015,life+cet4+cet6+postgrad
void,n.,空虚、空间、空白,406,0.671,cet6+postgrad
void,adj.,空的、无效的、无人的,172,0.284,cet6+postgrad
volunteer,n.,志愿者,1659,0.742,cet4+cet6+postgrad
volunteer,v.,自愿,525,0.235,cet4+cet6+postgrad
vote,n.,投票、选举、选票,15078,0.515,life+cet4+cet6+postgrad
vote,v.,投票、选举,14207,0.485,life+cet4+cet6+postgrad
wage,n.,工资、报应、报偿,2931,0.977,cet4+cet6+postgrad
wage,v.,开展、进行,68,0.023,cet4+cet6+postgrad
wait,v.,等候、期待、延缓,44426,0.943,life
wait,n.,等待、等候,2681,0.057,life
wake,v.,叫醒、激发,5886,0.665,life
wake,n.,守侯、守夜、尾迹,2784,0.315,life
walk,v.,走路、步行、处世,22773,0.727,life
walk,n.,走、散步、步行,8570,0.273,life
ward,n.,病房、守卫、保卫,2353,0.603,cet6+postgrad
ward,v.,使入病房、守护、保卫,216,0.055,cet6+postgrad
ware,n.,物品、器具、货物,1010,0.622,cet6
ware,v.,留心、小心,33,0.020,cet6
warm,adj.,暖和的、暖的、温暖的,15208,0.904,life
warm,v.,使温暖、弄热、使兴奋,1617,0.096,life
warrant,n.,授权、正当理由、根据,1012,0.816,cet6+postgrad
warrant,v.,授权给、保证、担保,173,0.140,cet6+postgrad
waste,n.,浪费、废物、损耗,7635,0.726,life+cet4+cet6+postgrad
waste,v.,浪费、消耗、使荒芜,2550,0.242,life+cet4+cet6+postgrad
watch,v.,看、注视、照顾,25231,0.623,life
watch,n.,观察、手表、看守,7250,0.179,life
waterproof,adj.,不透水的、防水的,295,0.547,cet4+cet6+postgrad
waterproof,n.,防水材料,198,0.367,cet4+cet6+postgrad
waterproof,v.,使防水,26,0.048,cet4+cet6+postgrad
wave,n.,波、波浪、波动,6890,0.957,life+cet4+cet6+postgrad
wave,v.,波动、飘动、挥手示意,127,0.018,life+cet4+cet6+postgrad
wax,n.,蜡、蜡状物、一阵发怒,1225,0.816,cet4+cet6+postgrad
wax,v.,变大、增大、月亮渐满,134,0.089,cet4+cet6+postgrad
wear,v.,穿着、戴、留(须、发等),14212,0.900,life
wear,n.,穿着、戴、使用,1586,0.100,life
weave,v.,编织、组合、编排,560,0.694,cet4+cet6+postgrad
weave,n.,编法、织法、编织式样,136,0.169,cet4+cet6+postgrad
wedge,n.,楔子、楔形物、起因,505,0.886,cet6+postgrad
wedge,v.,楔住、挤进、楔入,57,0.100,cet6+postgrad
weed,n.,杂草、野草,1157,0.963,cet4+cet6+postgrad
weed,v.,除草,36,0.030,cet4+cet6+postgrad
weekly,adj.,每周的、一周一次的、周刊的,1893,0.905,cet4+cet6+postgrad
weekly,adv.,每周、一周一次,71,0.034,cet4+cet6+postgrad
welcome,adj.,受欢迎的、可随意的、可喜的,23428,0.447,life
welcome,v.,欢迎、接待,7679,0.146,life
whip,n.,鞭子、抽打、车夫,1321,0.542,cet4+cet6+postgrad
whip,v.,鞭打、搅拌、煽动,701,0.288,cet4+cet6+postgrad
whisper,n.,耳语、密谈、谣传,334,0.353,cet4+cet6+postgrad
whisper,v.,耳语、密谈、沙沙地响,284,0.300,cet4+cet6+postgrad
whole,adj.,所有的、完整的、完全的,62244,0.881,life+cet4+cet6+postgrad
whole,n.,全部、全体、整体,8309,0.118,life+cet4+cet6+postgrad
wide,adj.,宽的、广阔的、普遍的,9879,0.917,life
wide,adv.,广阔地、遍及各处地、广泛地,625,0.058,life
willow,n.,柳树、柳木制品,547,0.516,cet6
willow,adj.,柳树的、柳木制的,90,0.085,cet6
wind,n.,风、气息、气味,17625,0.880,life
wind,v.,使通风、嗅出、使喘气,1772,0.088,life
wing,n.,翅膀、翼、机翼,5420,0.942,life+cet4+cet6+postgrad
wing,v.,给...装上翼、飞过、使飞,70,0.012,life+cet4+cet6+postgrad
wink,n.,眨眼、使眼色、瞬间,388,0.674,cet6+postgrad
wink,v.,眨眼、使眼色、闪烁,102,0.177,cet6+postgrad
wire,n.,电线、电报、电信,3615,0.925,cet4+cet6+postgrad
wire,v.,用金属丝捆扎、拍电报,98,0.025,cet4+cet6+postgrad
wish,v.,愿、想要、希望,17830,0.790,life
wish,n.,希望、愿望、祝愿,3429,0.152,life
witness,n.,证人、目击者、证据,3617,0.937,life+cet4+cet6+postgrad
witness,v.,目击、作证、证明,44,0.011,life+cet4+cet6+postgrad
wolf,n.,狼、残忍贪婪之人、极度穷困,2013,0.683,cet4+cet6+postgrad
wolf,v.,狼吞虎咽、大吃,92,0.031,cet4+cet6+postgrad
wonder,v.,惊奇、想知道,17131,0.746,life+cet4+cet6+postgrad
wonder,n.,奇迹、惊奇、惊愕,4937,0.215,life+cet4+cet6+postgrad
woollen,n.,毛织品,123,0.535,cet4+cet6
woollen,adj.,羊毛制的,56,0.243,cet4+cet6
work,n.,工作、劳动、职业,109960,0.561,life
work,v.,工作、劳动、做,85052,0.434,life
worry,v.,使烦恼、使焦虑、使苦恼,24483,0.875,life
worry,n.,担心、烦恼、忧虑,3387,0.121,life
worse,adj.,更坏的、更恶劣的,19466,0.974,cet4+cet6+postgrad
worse,adv.,更坏地、更恶劣地,521,0.026,cet4+cet6+postgrad
worst,adj.,最坏的、最恶劣的、最不利的,16212,0.978,cet4+cet6+postgrad
worst,adv.,最坏、最糟,363,0.022,cet4+cet6+postgrad
worth,adj.,值...的、值得的,29022,0.757,life
worth,n.,价值、财产,5349,0.139,life
wound,n.,创伤、伤口、伤疤,1714,0.671,cet4+cet6+postgrad
wound,v.,伤害、损害、使受伤,823,0.322,cet4+cet6+postgrad
wrap,v.,包装、卷、缠绕,1645,0.653,cet4+cet6+postgrad
wrap,n.,外套、围巾、包裹物,643,0.255,cet4+cet6+postgrad
wreck,n.,失事、残骸、破坏,1390,0.755,cet4+cet6+postgrad
wreck,v.,使失事、拆毁、破坏,441,0.240,cet4+cet6+postgrad
x-ray,adj.,X射线的,64,0.036,cet4
x-ray,v.,用X光检查、照X光,20,0.011,cet4
yawn,n.,哈欠,154,0.425,cet4+cet6+postgrad
yawn,v.,打哈欠、裂开,120,0.331,cet4+cet6+postgrad
yell,v.,叫喊、大叫、(齐声)呐喊欢呼,212,0.549,cet4+cet6+postgrad
yell,n.,叫声、喊声、呐喊,101,0.262,cet4+cet6+postgrad
yellow,adj.,黄色的,10843,0.774,life
yellow,n.,黄色,1735,0.124,life
yield,n.,生产量、投资收益,814,0.769,cet4+cet6+postgrad
yield,v.,出产、给予、让出,243,0.230,cet4+cet6+postgrad
zigzag,n.,曲折线条、Z字形道路,172,0.741,postgrad
zigzag,v.,使成之字形、使曲折进行,20,0.086,postgrad
zip,n.,尖啸声、拉链、活力,656,0.747,postgrad
zip,v.,给...以速度、使增加活力、拉(拉链),168,0.191,postgrad
zoom,v.,猛增、急速上升、摄象机移动,422,0.414,postgrad
zoom,n.,急速上升、变焦摄影、嗡嗡声,394,0.386,postgrad
